<?xml version="1.0" encoding="UTF-8"?><ImplementationGuide xmlns="http://hl7.org/fhir"><id value="hl7.fhir.uv.CoreCH"/><text><status value="extensions"/><div xmlns="http://www.w3.org/1999/xhtml"><h2>CoreCL</h2><p>The official URL for this implementation guide is: </p><pre>http://minsal.cl/fhir/core//ImplementationGuide/hl7.fhir.uv.CoreCH</pre><div><p>Guía de Implementación para los perfiles Core que se van a requerir a nivel de desarrollo Nacional</p>
</div></div></text><url value="http://minsal.cl/fhir/core//ImplementationGuide/hl7.fhir.uv.CoreCH"/><version value="0.8 (Ballot Pendiente)"/><name value="CoreCL"/><title value="Guía de Implementación Core-CL"/><status value="draft"/><date value="2021-08"/><contact><name value="Pablo Pizzaro"/><telecom><system value="email"/><value value="ppizarro.delgado@minsal.cl"/></telecom></contact><description value="Guía de Implementación para los perfiles Core que se van a requerir a nivel de desarrollo Nacional"/><packageId value="hl7.fhir.uv.CoreCH"/><license value="CC0-1.0"/><fhirVersion value="4.0.1"/><definition><extension url="http://hl7.org/fhir/tools/StructureDefinition/ig-parameter"><extension url="code"><valueString value="copyrightyear"/></extension><extension url="value"><valueString value="2020+"/></extension></extension><extension url="http://hl7.org/fhir/tools/StructureDefinition/ig-parameter"><extension url="code"><valueString value="releaselabel"/></extension><extension url="value"><valueString value="ci-build"/></extension></extension><extension url="http://hl7.org/fhir/tools/StructureDefinition/ig-parameter"><extension url="code"><valueString value="apply-publisher"/></extension><extension url="value"><valueString value="true"/></extension></extension><extension url="http://hl7.org/fhir/tools/StructureDefinition/ig-parameter"><extension url="code"><valueString value="apply-contact"/></extension><extension url="value"><valueString value="true"/></extension></extension><extension url="http://hl7.org/fhir/tools/StructureDefinition/ig-parameter"><extension url="code"><valueString value="show-inherited-invariants"/></extension><extension url="value"><valueString value="false"/></extension></extension><extension url="http://hl7.org/fhir/tools/StructureDefinition/ig-parameter"><extension url="code"><valueString value="autoload-resources"/></extension><extension url="value"><valueString value="true"/></extension></extension><extension url="http://hl7.org/fhir/tools/StructureDefinition/ig-parameter"><extension url="code"><valueString value="path-liquid"/></extension><extension url="value"><valueString value="template/liquid"/></extension></extension><extension url="http://hl7.org/fhir/tools/StructureDefinition/ig-parameter"><extension url="code"><valueString value="path-liquid"/></extension><extension url="value"><valueString value="input/liquid"/></extension></extension><extension url="http://hl7.org/fhir/tools/StructureDefinition/ig-parameter"><extension url="code"><valueString value="path-qa"/></extension><extension url="value"><valueString value="temp/qa"/></extension></extension><extension url="http://hl7.org/fhir/tools/StructureDefinition/ig-parameter"><extension url="code"><valueString value="path-temp"/></extension><extension url="value"><valueString value="temp/pages"/></extension></extension><extension url="http://hl7.org/fhir/tools/StructureDefinition/ig-parameter"><extension url="code"><valueString value="path-output"/></extension><extension url="value"><valueString value="output"/></extension></extension><extension url="http://hl7.org/fhir/tools/StructureDefinition/ig-parameter"><extension url="code"><valueString value="path-suppressed-warnings"/></extension><extension url="value"><valueString value="input/ignoreWarnings.txt"/></extension></extension><extension url="http://hl7.org/fhir/tools/StructureDefinition/ig-parameter"><extension url="code"><valueString value="path-history"/></extension><extension url="value"><valueString value="http://minsal.cl/fhir/core//history.html"/></extension></extension><extension url="http://hl7.org/fhir/tools/StructureDefinition/ig-parameter"><extension url="code"><valueString value="template-html"/></extension><extension url="value"><valueString value="template-page.html"/></extension></extension><extension url="http://hl7.org/fhir/tools/StructureDefinition/ig-parameter"><extension url="code"><valueString value="template-md"/></extension><extension url="value"><valueString value="template-page-md.html"/></extension></extension><extension url="http://hl7.org/fhir/tools/StructureDefinition/ig-parameter"><extension url="code"><valueString value="apply-context"/></extension><extension url="value"><valueString value="true"/></extension></extension><extension url="http://hl7.org/fhir/tools/StructureDefinition/ig-parameter"><extension url="code"><valueString value="apply-copyright"/></extension><extension url="value"><valueString value="true"/></extension></extension><extension url="http://hl7.org/fhir/tools/StructureDefinition/ig-parameter"><extension url="code"><valueString value="apply-jurisdiction"/></extension><extension url="value"><valueString value="true"/></extension></extension><extension url="http://hl7.org/fhir/tools/StructureDefinition/ig-parameter"><extension url="code"><valueString value="apply-license"/></extension><extension url="value"><valueString value="true"/></extension></extension><extension url="http://hl7.org/fhir/tools/StructureDefinition/ig-parameter"><extension url="code"><valueString value="apply-version"/></extension><extension url="value"><valueString value="true"/></extension></extension><extension url="http://hl7.org/fhir/tools/StructureDefinition/ig-parameter"><extension url="code"><valueString value="active-tables"/></extension><extension url="value"><valueString value="true"/></extension></extension><grouping id="-str-profile"><name value="Structures: Resource Profiles"/><description value="These define constraints on FHIR resources for systems conforming to this implementation guide"/></grouping><grouping id="-str-extension"><name value="Structures: Extension Definitions"/><description value="These define constraints on FHIR data types for systems conforming to this implementation guide"/></grouping><grouping id="-term-valueset"><name value="Terminology: Value Sets"/><description value="These define sets of codes used by systems conforming to this implementation guide"/></grouping><grouping id="-ex-example"><name value="Example: Example Instances"/><description value="These are example instances that show what data produced and consumed by systems conforming with this implementation guide might look like"/></grouping><resource><extension url="http://hl7.org/fhir/StructureDefinition/implementationguide-page"><valueUri value="StructureDefinition-CoreEspecialidadCl.html"/></extension><reference><reference value="StructureDefinition/CoreEspecialidadCl"/></reference><name value="Perfil Se destina para determinar la especialidad del Prescriptor para Receta Digital, extensible a Core Nacional"/><description value="Este Perfil ha sido desarrollado para cubrir las necesidades del Caso de Uso de Receta Electrónica. Sin embargo, se ha modelado con el fin de cubrir las necesidades nacionales de un Recurso de Especialidad Médica para la denominación de Prescriptor en Chile"/><exampleBoolean value="false"/><groupingId value="-str-profile"/></resource><resource><extension url="http://hl7.org/fhir/StructureDefinition/implementationguide-page"><valueUri value="StructureDefinition-CoreLocalizacionCl.html"/></extension><reference><reference value="StructureDefinition/CoreLocalizacionCl"/></reference><name value="Perfil de Localización de Objetos e Infraestructura"/><description value="Este perfil determina la ubicación especifica para un evento, objeto o Infraestructura específica. Este perfil permite vinlcular la localización especifica con una organización o espacio físico específico "/><exampleBoolean value="false"/><groupingId value="-str-profile"/></resource><resource><extension url="http://hl7.org/fhir/StructureDefinition/implementationguide-page"><valueUri value="StructureDefinition-CoreMedicamentoCl.html"/></extension><reference><reference value="StructureDefinition/CoreMedicamentoCl"/></reference><name value="Medicamento Core Nacional"/><description value="Este Perfil ha sido desarrollado para cubrir las necesidades del Caso de Uso de Receta Electrónica desde la visión del TFC que se usará para poder manejar farmacos ya registrados, y que deberán ser consultados por los prestadores a la hora de prescribir algno."/><exampleBoolean value="false"/><groupingId value="-str-profile"/></resource><resource><extension url="http://hl7.org/fhir/StructureDefinition/implementationguide-page"><valueUri value="StructureDefinition-CoreOrganizacionCl.html"/></extension><reference><reference value="StructureDefinition/CoreOrganizacionCl"/></reference><name value="Perfil de Organización de Salud en Chile"/><description value="Este Perfil ha sido desarrollado para cubrir las necesidades del Caso de Uso de Receta Electrónica. Sin embargo, se ha modelado para también cubrir las necesidades nacionales de un Recurso de Organzación en Salud"/><exampleBoolean value="false"/><groupingId value="-str-profile"/></resource><resource><extension url="http://hl7.org/fhir/StructureDefinition/implementationguide-page"><valueUri value="StructureDefinition-CorePacienteCl.html"/></extension><reference><reference value="StructureDefinition/CorePacienteCl"/></reference><name value="Perfil Paciente Para Core Nacional"/><description value="Este Perfil ha sido desarrollado para cubrir las necesidades del Caso de Uso de Receta Electrónica. Sin embargo, se ha modelado con el fin de cubrir las necesidades nacionales de un Recurso Paciente para un Historial Clínico Nacional"/><exampleBoolean value="false"/><groupingId value="-str-profile"/></resource><resource><extension url="http://hl7.org/fhir/StructureDefinition/implementationguide-page"><valueUri value="StructureDefinition-CorePrestadorCl.html"/></extension><reference><reference value="StructureDefinition/CorePrestadorCl"/></reference><name value="Prestador Core-CL"/><description value="Este Perfil fue creado para cubrir la descripción de un Prestador a nivel Nacional"/><exampleBoolean value="false"/><groupingId value="-str-profile"/></resource><resource><extension url="http://hl7.org/fhir/StructureDefinition/implementationguide-page"><valueUri value="StructureDefinition-CodigoPaises.html"/></extension><reference><reference value="StructureDefinition/CodigoPaises"/></reference><name value="Codigo de Identificación de países"/><description value="Esta extensión incluye códigos de paises de origen"/><exampleBoolean value="false"/><groupingId value="-str-extension"/></resource><resource><extension url="http://hl7.org/fhir/StructureDefinition/implementationguide-page"><valueUri value="ValueSet-CodNacComunas.html"/></extension><reference><reference value="ValueSet/CodNacComunas"/></reference><name value="Códigos de Comunas en Chile"/><description value="Codigos definidos para identificar una comuna en Chile. Estos aún deben ser llevados a un ValueSet"/><exampleBoolean value="false"/><groupingId value="-term-valueset"/></resource><resource><extension url="http://hl7.org/fhir/StructureDefinition/implementationguide-page"><valueUri value="ValueSet-CodProv.html"/></extension><reference><reference value="ValueSet/CodProv"/></reference><name value="Códigos de Provincias en Chile"/><description value="Codigos definidos para identificar una provincia en Chile. Estos aún deben ser llevados a un ValueSet"/><exampleBoolean value="false"/><groupingId value="-term-valueset"/></resource><resource><extension url="http://hl7.org/fhir/StructureDefinition/implementationguide-page"><valueUri value="ValueSet-CodReg.html"/></extension><reference><reference value="ValueSet/CodReg"/></reference><name value="Códigos de Regiones en ChileEstos aún deben ser llevados a un ValueSet"/><description value="Codigos definidos para identificar una comuna en Chile"/><exampleBoolean value="false"/><groupingId value="-term-valueset"/></resource><resource><extension url="http://hl7.org/fhir/StructureDefinition/implementationguide-page"><valueUri value="ValueSet-Esp-Tabla-DEIS.html"/></extension><reference><reference value="ValueSet/Esp-Tabla-DEIS"/></reference><name value="Códigos de especialidades según DEIS"/><description value="Códigos de especialidades médicas descritas segun DEIS"/><exampleBoolean value="false"/><groupingId value="-term-valueset"/></resource><resource><extension url="http://hl7.org/fhir/StructureDefinition/implementationguide-page"><valueUri value="ValueSet-COD-Cert-RNPI.html"/></extension><reference><reference value="ValueSet/COD-Cert-RNPI"/></reference><name value="Códigos de tipos de certificaciones segun la Super Intendecia de Salud"/><description value="tipos de certficados reconocibles por la Super Intendecia como válidos para ejercer en Chile"/><exampleBoolean value="false"/><groupingId value="-term-valueset"/></resource><resource><extension url="http://hl7.org/fhir/StructureDefinition/implementationguide-page"><valueUri value="PractitionerRole-EspecialidadCL.html"/></extension><reference><reference value="PractitionerRole/EspecialidadCL"/></reference><name value="Ejemplo de Recurso de especialidad"/><exampleCanonical value="http://minsal.cl/fhir/core//StructureDefinition/CoreEspecialidadCl"/><groupingId value="-ex-example"/></resource><resource><extension url="http://hl7.org/fhir/StructureDefinition/implementationguide-page"><valueUri value="Location-LocalizacionEjemploCL.html"/></extension><reference><reference value="Location/LocalizacionEjemploCL"/></reference><name value="Ejemplo Localización Farmacia"/><exampleCanonical value="http://minsal.cl/fhir/core//StructureDefinition/CoreLocalizacionCl"/><groupingId value="-ex-example"/></resource><resource><extension url="http://hl7.org/fhir/StructureDefinition/implementationguide-page"><valueUri value="Medication-MedicamentoCl.html"/></extension><reference><reference value="Medication/MedicamentoCl"/></reference><name value="Ejemplo de comprimido Tareg - D 160"/><exampleCanonical value="http://minsal.cl/fhir/core//StructureDefinition/CoreMedicamentoCl"/><groupingId value="-ex-example"/></resource><resource><extension url="http://hl7.org/fhir/StructureDefinition/implementationguide-page"><valueUri value="Medication-MedicamentoCl-2.html"/></extension><reference><reference value="Medication/MedicamentoCl-2"/></reference><name value="Hidroclorotiazida 25 mg + Valsartán 160 mg comprimido"/><exampleCanonical value="http://minsal.cl/fhir/core//StructureDefinition/CoreMedicamentoCl"/><groupingId value="-ex-example"/></resource><resource><extension url="http://hl7.org/fhir/StructureDefinition/implementationguide-page"><valueUri value="Organization-OrganizacionCl.html"/></extension><reference><reference value="Organization/OrganizacionCl"/></reference><name value="Ejemplo Organización Prestadora de Salud"/><exampleCanonical value="http://minsal.cl/fhir/core//StructureDefinition/CoreOrganizacionCl"/><groupingId value="-ex-example"/></resource><resource><extension url="http://hl7.org/fhir/StructureDefinition/implementationguide-page"><valueUri value="Patient-PacienteCL.html"/></extension><reference><reference value="Patient/PacienteCL"/></reference><name value="Ejemplo de Recurso Paciente Nacional"/><exampleCanonical value="http://minsal.cl/fhir/core//StructureDefinition/CorePacienteCl"/><groupingId value="-ex-example"/></resource><resource><extension url="http://hl7.org/fhir/StructureDefinition/implementationguide-page"><valueUri value="Patient-PacienteCL2.html"/></extension><reference><reference value="Patient/PacienteCL2"/></reference><name value="Ejemplo de Recurso Paciente Extranjero"/><exampleCanonical value="http://minsal.cl/fhir/core//StructureDefinition/CorePacienteCl"/><groupingId value="-ex-example"/></resource><resource><extension url="http://hl7.org/fhir/StructureDefinition/implementationguide-page"><valueUri value="Patient-PacienteCl-3.html"/></extension><reference><reference value="Patient/PacienteCl-3"/></reference><name value="Paciente Nacional, con datos actualizados, declarando nacionalidad"/><exampleCanonical value="http://minsal.cl/fhir/core//StructureDefinition/CorePacienteCl"/><groupingId value="-ex-example"/></resource><resource><extension url="http://hl7.org/fhir/StructureDefinition/implementationguide-page"><valueUri value="Practitioner-PrestadorCL.html"/></extension><reference><reference value="Practitioner/PrestadorCL"/></reference><name value="Ejemplo de Recurso Prestador como base para un Core Nacional"/><exampleCanonical value="http://minsal.cl/fhir/core//StructureDefinition/CorePrestadorCl"/><groupingId value="-ex-example"/></resource><page><nameUrl value="toc.html"/><title value="Table of Contents"/><generation value="html"/><page><nameUrl value="index.html"/><title value="Home"/><generation value="markdown"/></page><page><nameUrl value="descargas.html"/><title value="Descargas"/><generation value="markdown"/></page><page><nameUrl value="ejemplos.html"/><title value="Ejemplos"/><generation value="markdown"/></page><page><nameUrl value="Extensiones.html"/><title value="Extensiones"/><generation value="markdown"/></page><page><nameUrl value="generalidades.html"/><title value="Generalidades"/><generation value="markdown"/></page><page><nameUrl value="objetivos.html"/><title value="Objetivos"/><generation value="markdown"/></page><page><nameUrl value="operaciones.html"/><title value="Operaciones"/><generation value="markdown"/></page><page><nameUrl value="Perfiles.html"/><title value="Perfiles"/><generation value="markdown"/></page><page><nameUrl value="Valuesets.html"/><title value="Valuesets"/><generation value="markdown"/></page><page><nameUrl value="artifacts.html"/><title value="Resumen de artefactos"/><generation value="html"/><page><nameUrl value="StructureDefinition-CoreEspecialidadCl.html"/><title value="Perfil Se destina para determinar la especialidad del Prescriptor para Receta Digital, extensible a Core Nacional"/><generation value="generated"/></page><page><nameUrl value="StructureDefinition-CoreLocalizacionCl.html"/><title value="Perfil de Localización de Objetos e Infraestructura"/><generation value="generated"/></page><page><nameUrl value="StructureDefinition-CoreMedicamentoCl.html"/><title value="Medicamento Core Nacional"/><generation value="generated"/></page><page><nameUrl value="StructureDefinition-CoreOrganizacionCl.html"/><title value="Perfil de Organización de Salud en Chile"/><generation value="generated"/></page><page><nameUrl value="StructureDefinition-CorePacienteCl.html"/><title value="Perfil Paciente Para Core Nacional"/><generation value="generated"/></page><page><nameUrl value="StructureDefinition-CorePrestadorCl.html"/><title value="Prestador Core-CL"/><generation value="generated"/></page><page><nameUrl value="StructureDefinition-CodigoPaises.html"/><title value="Codigo de Identificación de países"/><generation value="generated"/></page><page><nameUrl value="ValueSet-CodNacComunas.html"/><title value="Códigos de Comunas en Chile"/><generation value="generated"/></page><page><nameUrl value="ValueSet-CodProv.html"/><title value="Códigos de Provincias en Chile"/><generation value="generated"/></page><page><nameUrl value="ValueSet-CodReg.html"/><title value="Códigos de Regiones en ChileEstos aún deben ser llevados a un ValueSet"/><generation value="generated"/></page><page><nameUrl value="ValueSet-Esp-Tabla-DEIS.html"/><title value="Códigos de especialidades según DEIS"/><generation value="generated"/></page><page><nameUrl value="ValueSet-COD-Cert-RNPI.html"/><title value="Códigos de tipos de certificaciones segun la Super Intendecia de Salud"/><generation value="generated"/></page><page><nameUrl value="PractitionerRole-EspecialidadCL.html"/><title value="Ejemplo de Recurso de especialidad"/><generation value="generated"/></page><page><nameUrl value="Location-LocalizacionEjemploCL.html"/><title value="Ejemplo Localización Farmacia"/><generation value="generated"/></page><page><nameUrl value="Medication-MedicamentoCl.html"/><title value="Ejemplo de comprimido Tareg - D 160"/><generation value="generated"/></page><page><nameUrl value="Medication-MedicamentoCl-2.html"/><title value="Hidroclorotiazida 25 mg + Valsartán 160 mg comprimido"/><generation value="generated"/></page><page><nameUrl value="Organization-OrganizacionCl.html"/><title value="Ejemplo Organización Prestadora de Salud"/><generation value="generated"/></page><page><nameUrl value="Patient-PacienteCL.html"/><title value="Ejemplo de Recurso Paciente Nacional"/><generation value="generated"/></page><page><nameUrl value="Patient-PacienteCL2.html"/><title value="Ejemplo de Recurso Paciente Extranjero"/><generation value="generated"/></page><page><nameUrl value="Patient-PacienteCl-3.html"/><title value="Paciente Nacional, con datos actualizados, declarando nacionalidad"/><generation value="generated"/></page><page><nameUrl value="Practitioner-PrestadorCL.html"/><title value="Ejemplo de Recurso Prestador como base para un Core Nacional"/><generation value="generated"/></page></page></page><parameter><code value="path-resource"/><value value="input/capabilities"/></parameter><parameter><code value="path-resource"/><value value="input/examples"/></parameter><parameter><code value="path-resource"/><value value="input/extensions"/></parameter><parameter><code value="path-resource"/><value value="input/models"/></parameter><parameter><code value="path-resource"/><value value="input/operations"/></parameter><parameter><code value="path-resource"/><value value="input/profiles"/></parameter><parameter><code value="path-resource"/><value value="input/resources"/></parameter><parameter><code value="path-resource"/><value value="input/vocabulary"/></parameter><parameter><code value="path-resource"/><value value="input/maps"/></parameter><parameter><code value="path-resource"/><value value="input/testing"/></parameter><parameter><code value="path-resource"/><value value="input/history"/></parameter><parameter><code value="path-resource"/><value value="fsh-generated/resources"/></parameter><parameter><code value="path-pages"/><value value="template/config"/></parameter><parameter><code value="path-pages"/><value value="input/images"/></parameter><parameter><code value="path-tx-cache"/><value value="input-cache/txcache"/></parameter></definition></ImplementationGuide>