<?xml version="1.0" encoding="UTF-8"?><OperationDefinition xmlns="http://hl7.org/fhir"><id value="OperationDefinition"/><text><status value="extensions"/><div xmlns="http://www.w3.org/1999/xhtml"><h2>$match</h2><p>OPERATION: $match</p><p>The official URL for this operation definition is: </p><pre>http://hl7.org/fhir/OperationDefinition/Patient-match</pre><div><p>Un índice maestro de pacientes (MPI ) es un servicio utilizado para gestionar la identificación de pacientes en un contexto en el que existen múltiples bases de datos de pacientes.</p>
<p>Las aplicaciones sanitarias y el middleware utilizan el MPI para cotejar los pacientes entre las bases de datos y para almacenar los datos de los nuevos pacientes a medida que se encuentran.</p>
<p>Los MPI son aplicaciones muy especializadas, que a menudo se adaptan ampliamente a la combinación particular de pacientes de la institución. Las IPM también pueden funcionar a nivel regional y nacional.Para pedir a un MPI que haga coincidir un paciente, los clientes utilizan la operación $match, que acepta un recurso de paciente que puede estar sólo parcialmente completo.</p>
<p>Los datos proporcionados se interpretan como una entrada MPI y son procesados por un algoritmo de algún tipo que utiliza los datos para determinar las coincidencias más apropiadas en el conjunto de pacientes. Tenga en cuenta que los diferentes algoritmos de emparejamiento MPI tienen diferentes entradas requeridas. La operación genérica $match no especifica ningún algoritmo en particular, ni un conjunto mínimo de información que debe proporcionarse cuando se pide que se realice una operación de coincidencia MPI, pero muchas implementaciones tendrán un conjunto de información mínima, que puede declararse en su definición de la operación $match especificando un perfil en el parámetro del recurso, indicando qué propiedades se requieren en la búsqueda. El recurso del paciente enviado a la operación no tiene que estar completo, ni tiene que pasar la validación (es decir, los campos obligatorios no tienen que ser rellenados), pero sí tiene que ser una instancia válida, ya que se utiliza como los datos de referencia para comparar.</p>
</div><p>URL: [base]/Patient/$match</p><p>Parameters</p><table class="grid"><tr><td><b>Use</b></td><td><b>Name</b></td><td><b>Cardinality</b></td><td><b>Type</b></td><td><b>Binding</b></td><td><b>Documentation</b></td></tr><tr><td>IN</td><td>resource</td><td>1..1</td><td><a href="http://hl7.org/fhir/R4/resource.html">Resource</a></td><td/><td><div><p>Utilícelo para proporcionar un conjunto completo de datos de pacientes para que el IPM los compare (por ejemplo, envíe un registro de pacientes a Patient/$match).</p>
</div></td></tr><tr><td>IN</td><td>onlyCertainMatches</td><td>0..1</td><td><a href="http://hl7.org/fhir/R4/datatypes.html#boolean">boolean</a></td><td/><td><div><p>Si hay múltiples coincidencias potenciales, entonces la coincidencia no debería devolver los resultados con esta bandera establecida en true.  Cuando es falso, el servidor puede devolver múltiples resultados con cada resultado calificado en consecuencia.</p>
</div></td></tr><tr><td>IN</td><td>count</td><td>0..1</td><td><a href="http://hl7.org/fhir/R4/datatypes.html#integer">integer</a></td><td/><td><div><p>El número máximo de registros a devolver. Si no se proporciona ningún valor, el servidor decide cuántas coincidencias devolver. Tenga en cuenta que los clientes deben tener cuidado al usar esto, ya que puede impedir que se devuelvan coincidencias probables -y válidas-.</p>
</div></td></tr><tr><td>OUT</td><td>return</td><td>1..1</td><td><a href="http://hl7.org/fhir/R4/bundle.html">Bundle</a></td><td/><td><div><p>Un paquete contiene un conjunto de registros de pacientes que representan posibles coincidencias,
opcionalmente puede contener también un OperationOutcome con más información sobre los resultados de la búsqueda
(como advertencias o mensajes informativos, por ejemplo, un recuento de los registros que estaban cerca pero fueron eliminados)
Si la operación no tiene éxito, se puede devolver un OperationOutcome junto con un código de estado BadRequest
(por ejemplo, un problema de seguridad, o propiedades insuficientes en el fragmento del paciente - comprobar con el perfil)</p>
</div></td></tr></table><div><p>La respuesta de una consulta ¨mpi¨ es un conjunto que contiene registros de pacientes, ordenados de más a menos probable. Si no hay coincidencias de pacientes, el MPI DEBERÁ devolver un conjunto de búsqueda vacío sin error, pero puede incluir un resultado de la operación con más consejos sobre la selección de pacientes. Todos los registros de pacientes TIENEN una puntuación de búsqueda de 0 a 1, donde 1 es la coincidencia más segura, junto con una extensión ¨match-grade¨ que indica la posición del MPI en la calidad de la coincidencia.</p>
</div></div></text><url value="http://hl7.org/fhir/OperationDefinition/Patient-match"/><version value="0.22"/><name value="$match"/><title value="Operacion $match para encuentro del paciente en MPI"/><status value="active"/><kind value="operation"/><date value="2021-08-24T13:35:22-04:00"/><contact><name value="Pablo Pizzaro"/><telecom><system value="email"/><value value="ppizarro.delgado@minsal.cl"/></telecom></contact><description value="Un &#xED;ndice maestro de pacientes (MPI ) es un servicio utilizado para gestionar la identificaci&#xF3;n de pacientes en un contexto en el que existen m&#xFA;ltiples bases de datos de pacientes. &#xD;&#xA;&#xD;&#xA;Las aplicaciones sanitarias y el middleware utilizan el MPI para cotejar los pacientes entre las bases de datos y para almacenar los datos de los nuevos pacientes a medida que se encuentran. &#xD;&#xA;&#xD;&#xA;Los MPI son aplicaciones muy especializadas, que a menudo se adaptan ampliamente a la combinaci&#xF3;n particular de pacientes de la instituci&#xF3;n. Las IPM tambi&#xE9;n pueden funcionar a nivel regional y nacional.Para pedir a un MPI que haga coincidir un paciente, los clientes utilizan la operaci&#xF3;n $match, que acepta un recurso de paciente que puede estar s&#xF3;lo parcialmente completo. &#xD;&#xA;&#xD;&#xA;Los datos proporcionados se interpretan como una entrada MPI y son procesados por un algoritmo de alg&#xFA;n tipo que utiliza los datos para determinar las coincidencias m&#xE1;s apropiadas en el conjunto de pacientes. Tenga en cuenta que los diferentes algoritmos de emparejamiento MPI tienen diferentes entradas requeridas. La operaci&#xF3;n gen&#xE9;rica $match no especifica ning&#xFA;n algoritmo en particular, ni un conjunto m&#xED;nimo de informaci&#xF3;n que debe proporcionarse cuando se pide que se realice una operaci&#xF3;n de coincidencia MPI, pero muchas implementaciones tendr&#xE1;n un conjunto de informaci&#xF3;n m&#xED;nima, que puede declararse en su definici&#xF3;n de la operaci&#xF3;n $match especificando un perfil en el par&#xE1;metro del recurso, indicando qu&#xE9; propiedades se requieren en la b&#xFA;squeda. El recurso del paciente enviado a la operaci&#xF3;n no tiene que estar completo, ni tiene que pasar la validaci&#xF3;n (es decir, los campos obligatorios no tienen que ser rellenados), pero s&#xED; tiene que ser una instancia v&#xE1;lida, ya que se utiliza como los datos de referencia para comparar."/><code value="match"/><comment value="La respuesta de una consulta &#xA8;mpi&#xA8; es un conjunto que contiene registros de pacientes, ordenados de m&#xE1;s a menos probable. Si no hay coincidencias de pacientes, el MPI DEBER&#xC1; devolver un conjunto de b&#xFA;squeda vac&#xED;o sin error, pero puede incluir un resultado de la operaci&#xF3;n con m&#xE1;s consejos sobre la selecci&#xF3;n de pacientes. Todos los registros de pacientes TIENEN una puntuaci&#xF3;n de b&#xFA;squeda de 0 a 1, donde 1 es la coincidencia m&#xE1;s segura, junto con una extensi&#xF3;n &#xA8;match-grade&#xA8; que indica la posici&#xF3;n del MPI en la calidad de la coincidencia."/><resource value="Patient"/><system value="false"/><type value="true"/><instance value="false"/><parameter><name value="resource"/><use value="in"/><min value="1"/><max value="1"/><documentation value="Util&#xED;celo para proporcionar un conjunto completo de datos de pacientes para que el IPM los compare (por ejemplo, env&#xED;e un registro de pacientes a Patient/$match)."/><type value="Resource"/></parameter><parameter><name value="onlyCertainMatches"/><use value="in"/><min value="0"/><max value="1"/><documentation value="Si hay m&#xFA;ltiples coincidencias potenciales, entonces la coincidencia no deber&#xED;a devolver los resultados con esta bandera establecida en true.  Cuando es falso, el servidor puede devolver m&#xFA;ltiples resultados con cada resultado calificado en consecuencia."/><type value="boolean"/></parameter><parameter><name value="count"/><use value="in"/><min value="0"/><max value="1"/><documentation value="El n&#xFA;mero m&#xE1;ximo de registros a devolver. Si no se proporciona ning&#xFA;n valor, el servidor decide cu&#xE1;ntas coincidencias devolver. Tenga en cuenta que los clientes deben tener cuidado al usar esto, ya que puede impedir que se devuelvan coincidencias probables -y v&#xE1;lidas-."/><type value="integer"/></parameter><parameter><name value="return"/><use value="out"/><min value="1"/><max value="1"/><documentation value="Un paquete contiene un conjunto de registros de pacientes que representan posibles coincidencias, &#xD;&#xA;    opcionalmente puede contener tambi&#xE9;n un OperationOutcome con m&#xE1;s informaci&#xF3;n sobre los resultados de la b&#xFA;squeda &#xD;&#xA;&#x9;(como advertencias o mensajes informativos, por ejemplo, un recuento de los registros que estaban cerca pero fueron eliminados) &#xD;&#xA;&#x9;Si la operaci&#xF3;n no tiene &#xE9;xito, se puede devolver un OperationOutcome junto con un c&#xF3;digo de estado BadRequest &#xD;&#xA;&#x9;(por ejemplo, un problema de seguridad, o propiedades insuficientes en el fragmento del paciente - comprobar con el perfil)"/><type value="Bundle"/></parameter></OperationDefinition>