<?xml version="1.0" encoding="UTF-8"?><ValueSet xmlns="http://hl7.org/fhir"><id value="CodProv"/><text><status value="generated"/><div xmlns="http://www.w3.org/1999/xhtml"><ul><li>Include all codes defined in <code>https://apis.digital.gob.cl/dpa/provincias/</code></li></ul></div></text><url value="http://minsal.cl/fhir/core//ValueSet/CodProv"/><version value="0.8 (Ballot Pendiente)"/><name value="CodProvincia"/><title value="Códigos de Provincias en Chile"/><status value="active"/><date value="2021-09-13T12:43:20-03:00"/><contact><name value="Pablo Pizzaro"/><telecom><system value="email"/><value value="ppizarro.delgado@minsal.cl"/></telecom></contact><description value="Codigos definidos para identificar una provincia en Chile. Estos aún deben ser llevados a un ValueSet"/><compose><include><system value="https://apis.digital.gob.cl/dpa/provincias/"/></include></compose></ValueSet>