<?xml version="1.0" encoding="UTF-8"?><ValueSet xmlns="http://hl7.org/fhir"><id value="COD-Cert-RNPI"/><text><status value="generated"/><div xmlns="http://www.w3.org/1999/xhtml"><ul><li>Include all codes defined in <code>https://rnpi.superdesalud.gob.cl</code></li></ul></div></text><url value="http://core.hl7chile.cl/ValueSet/COD-Cert-RNPI"/><version value="0.8 (Ballot Pendiente)"/><name value="TituloID"/><title value="Códigos de tipos de certificaciones segun la Super Intendecia de Salud"/><status value="active"/><date value="2021-09-15T14:26:58-03:00"/><contact><name value="Pablo Pizzaro"/><telecom><system value="email"/><value value="ppizarro.delgado@minsal.cl"/></telecom></contact><description value="tipos de certficados reconocibles por la Super Intendecia como válidos para ejercer en Chile"/><compose><include><system value="https://rnpi.superdesalud.gob.cl"/></include></compose></ValueSet>