<?xml version="1.0" encoding="UTF-8"?><ValueSet xmlns="http://hl7.org/fhir"><id value="CodPais"/><text><status value="generated"/><div xmlns="http://www.w3.org/1999/xhtml"><ul><li>Import all the codes that are contained in <a href="null">http://hl7.org/fhir/ValueSet/iso3166-1-N</a></li></ul></div></text><url value="http://core.hl7chile.cl/ValueSet/CodPais"/><version value="0.85 (Ballot Pendiente)"/><name value="CodPaises"/><title value="Códigos de Países"/><status value="active"/><date value="2021-10-27T20:46:13-03:00"/><contact><name value="Pablo Pizzaro"/><telecom><system value="email"/><value value="ppizarro.delgado@minsal.cl"/></telecom></contact><description value="Codigos definidos para la identificación de países segun norma ISO3166-N"/><jurisdiction><coding><system value="urn:iso:std:iso:3166"/><code value="CL"/><display value="Chile"/></coding></jurisdiction><compose><include><valueSet value="http://hl7.org/fhir/ValueSet/iso3166-1-N"/></include></compose></ValueSet>