<?xml version="1.0" encoding="UTF-8"?><ValueSet xmlns="http://hl7.org/fhir"><id value="CodReg"/><text><status value="generated"/><div xmlns="http://www.w3.org/1999/xhtml"><ul><li>Include all codes defined in <code>https://apis.digital.gob.cl/dpa/regiones/</code></li></ul></div></text><url value="http://minsal.cl/fhir/core//ValueSet/CodReg"/><version value="0.8 (Ballot Pendiente)"/><name value="CodRegion"/><title value="C&#xF3;digos de Regiones en Chile"/><status value="active"/><date value="2021-09-10T11:02:47-03:00"/><contact><name value="Pablo Pizzaro"/><telecom><system value="email"/><value value="ppizarro.delgado@minsal.cl"/></telecom></contact><description value="Codigos definidos para identificar una comuna en Chile"/><compose><include><system value="https://apis.digital.gob.cl/dpa/regiones/"/></include></compose></ValueSet>