<?xml version="1.0" encoding="UTF-8"?>

<Practitioner xmlns="http://hl7.org/fhir">
  <id value="PrestadorCL"/>
  <meta>
    <profile value="http://core.hl7chile.cl/StructureDefinition/CorePrestadorCl"/>
  </meta>
  <text>
    <status value="generated"/><div xmlns="http://www.w3.org/1999/xhtml"><p><b>Generated Narrative</b></p><p><b>identifier</b>: id: 8336277-3 (OFFICIAL), id: 999999 (SECONDARY)</p><p><b>active</b>: true</p><p><b>name</b>: Johanna Rosa null (OFFICIAL)</p><p><b>telecom</b>: ph: 9345666(MOBILE), <a href="mailto:DraSilva@mimail.com">DraSilva@mimail.com</a></p><p><b>address</b>: Naranjos, 22, depto 32 091001 09 152 (HOME)</p><p><b>gender</b>: female</p><p><b>birthDate</b>: 1974-08-12</p><blockquote><p><b>qualification</b></p><p><b>code</b>: <span title="Codes: ">Certificado(s)</span></p></blockquote><blockquote><p><b>qualification</b></p><p><b>code</b>: <span title="Codes: ">Especialidad(es)</span></p></blockquote><blockquote><p><b>qualification</b></p><p><b>code</b>: <span title="Codes: ">Especialidad(es)</span></p></blockquote></div>
  </text>
  <identifier>
    <use value="official"/>
    <system value="http://api_run/run"/>
    <value value="8336277-3"/>
  </identifier>
  <identifier>
    <use value="secondary"/>
    <system value="https://apis.superdesalud.gob.cl/api/prestadores/registro/"/>
    <value value="999999"/>
  </identifier>
  <active value="true"/>
  <name>
    <use value="official"/>
    <family>
      <extension url="http://hl7.org/fhir/StructureDefinition/humanname-mothers-family">
        <valueString value="Reyes"/>
      </extension>
    </family>
    <given value="Johanna"/>
    <given value="Rosa"/>
  </name>
  <telecom>
    <system value="phone"/>
    <value value="9345666"/>
    <use value="mobile"/>
  </telecom>
  <telecom>
    <system value="email"/>
    <value value="DraSilva@mimail.com"/>
    <use value="work"/>
  </telecom>
  <address>
    <use value="home"/>
    <line value="Naranjos, 22, depto 32"/>
    <city value="091001"/>
    <district value="091"/>
    <state value="09"/>
    <country value="152"/>
  </address>
  <gender value="female"/>
  <birthDate value="1974-08-12"/>
  <qualification>
    <code>
      <coding>
        <code value="2112"/>
        <display value="Certificado Profesional Médico Cirujano"/>
      </coding>
      <text value="Certificado(s)"/>
    </code>
  </qualification>
  <qualification>
    <code>
      <coding>
        <code value="122"/>
        <display value="Cardiólogia"/>
      </coding>
      <text value="Especialidad(es)"/>
    </code>
  </qualification>
  <qualification>
    <code>
      <coding>
        <code value="1234"/>
        <display value="Medicina interna"/>
      </coding>
      <text value="Especialidad(es)"/>
    </code>
  </qualification>
</Practitioner>