<?xml version="1.0" encoding="UTF-8"?>

<Practitioner xmlns="http://hl7.org/fhir">
  <id value="PrestadorCH"/>
  <meta>
    <profile value="http://minsal.cl/fhir/core//StructureDefinition/RecetaPrestadorCh"/>
  </meta>
  <text>
    <status value="additional"/><div xmlns="http://www.w3.org/1999/xhtml">Prestador: Dra. Johanna Rosa de los Angeles Silva Reyes, Chilena de la ciudad de Temuco identificada con un RUN nacional. Ha dejado dos contactos (celular e email). Notifica su direccion de domicilio</div>
  </text>
  <identifier>
    <use value="official"/>
    <system value="http://api_run/run"/>
    <value value="8336277-3"/>
  </identifier>
  <identifier>
    <use value="official"/>
    <system value="http://api_RNPI/RNPI"/>
    <value value="999999"/>
  </identifier>
  <active value="true"/>
  <name>
    <use value="official"/>
    <family value="Silva">
      <extension url="http://hl7.org/fhir/StructureDefinition/humanname-mothers-family"/>
    </family>
    <given value="Johanna"/>
    <given value="de los Angeles"/>
  </name>
  <telecom>
    <system value="phone"/>
    <value value="9345666"/>
    <use value="mobile"/>
  </telecom>
  <telecom>
    <system value="email"/>
    <value value="DraSilva@mimail.com"/>
    <use value="work"/>
  </telecom>
  <address>
    <use value="home"/>
    <line value="Naranjos, 22, depto 32"/>
    <city value="091001"/>
    <district value="091"/>
    <state value="09"/>
    <country value="152"/>
  </address>
  <gender value="female"/>
  <birthDate value="1974-08-12"/>
  <qualification>
    <code>
      <coding>
        <display value="M&#xE9;dico Geneal"/>
      </coding>
    </code>
  </qualification>
  <qualification>
    <code>
      <coding>
        <display value="Cardio Vascular"/>
      </coding>
    </code>
  </qualification>
</Practitioner>