<?xml version="1.0" encoding="UTF-8"?>

<ValueSet xmlns="http://hl7.org/fhir">
  <id value="Esp-Tabla-DEIS"/>
  <text>
    <status value="generated"/><div xmlns="http://www.w3.org/1999/xhtml"><ul><li>Include all codes defined in <code>http://deis.cl/especialidades</code></li></ul></div>
  </text>
  <url value="http://minsal.cl/fhir/core//ValueSet/Esp-Tabla-DEIS"/>
  <version value="0.8 (Ballot Pendiente)"/>
  <name value="TablaEspecialidades"/>
  <title value="C&#xF3;digos de especialidades seg&#xFA;n DEIS"/>
  <status value="active"/>
  <date value="2021-08-26T16:20:25-04:00"/>
  <contact>
    <name value="Pablo Pizzaro"/>
    <telecom>
      <system value="email"/>
      <value value="ppizarro.delgado@minsal.cl"/>
    </telecom>
  </contact>
  <description value="C&#xF3;digos de especialidades m&#xE9;dicas descritas segun DEIS"/>
  <compose>
    <include>
      <system value="http://deis.cl/especialidades"/>
    </include>
  </compose>
</ValueSet>