<?xml version="1.0" encoding="UTF-8"?>

<ImplementationGuide xmlns="http://hl7.org/fhir">
  <id value="hl7.fhir.uv.CoreCH"/>
  <text>
    <status value="extensions"/><div xmlns="http://www.w3.org/1999/xhtml"><h2>CoreCL</h2><p>The official URL for this implementation guide is: </p><pre>http://minsal.cl/fhir/core//ImplementationGuide/hl7.fhir.uv.CoreCH</pre><div><p>Guía de Implementación para los perfiles Core que se van a requerir a nivel de desarrollo Nacional</p>
</div></div>
  </text>
  <url value="http://minsal.cl/fhir/core//ImplementationGuide/hl7.fhir.uv.CoreCH"/>
  <version value="0.22"/>
  <name value="CoreCL"/>
  <title value="Gu&#xED;a de Implementaci&#xF3;n Core-CL"/>
  <status value="draft"/>
  <date value="2021-08"/>
  <contact>
    <name value="Pablo Pizzaro"/>
    <telecom>
      <system value="email"/>
      <value value="ppizarro.delgado@minsal.cl"/>
    </telecom>
  </contact>
  <description value="Gu&#xED;a de Implementaci&#xF3;n para los perfiles Core que se van a requerir a nivel de desarrollo Nacional"/>
  <packageId value="hl7.fhir.uv.CoreCH"/>
  <license value="CC0-1.0"/>
  <fhirVersion value="4.0.1"/>
  <definition>
    <extension url="http://hl7.org/fhir/tools/StructureDefinition/ig-parameter">
      <extension url="code">
        <valueString value="copyrightyear"/>
      </extension>
      <extension url="value">
        <valueString value="2020+"/>
      </extension>
    </extension>
    <extension url="http://hl7.org/fhir/tools/StructureDefinition/ig-parameter">
      <extension url="code">
        <valueString value="releaselabel"/>
      </extension>
      <extension url="value">
        <valueString value="ci-build"/>
      </extension>
    </extension>
    <extension url="http://hl7.org/fhir/tools/StructureDefinition/ig-parameter">
      <extension url="code">
        <valueString value="apply-publisher"/>
      </extension>
      <extension url="value">
        <valueString value="true"/>
      </extension>
    </extension>
    <extension url="http://hl7.org/fhir/tools/StructureDefinition/ig-parameter">
      <extension url="code">
        <valueString value="apply-contact"/>
      </extension>
      <extension url="value">
        <valueString value="true"/>
      </extension>
    </extension>
    <extension url="http://hl7.org/fhir/tools/StructureDefinition/ig-parameter">
      <extension url="code">
        <valueString value="show-inherited-invariants"/>
      </extension>
      <extension url="value">
        <valueString value="false"/>
      </extension>
    </extension>
    <extension url="http://hl7.org/fhir/tools/StructureDefinition/ig-parameter">
      <extension url="code">
        <valueString value="autoload-resources"/>
      </extension>
      <extension url="value">
        <valueString value="true"/>
      </extension>
    </extension>
    <extension url="http://hl7.org/fhir/tools/StructureDefinition/ig-parameter">
      <extension url="code">
        <valueString value="path-liquid"/>
      </extension>
      <extension url="value">
        <valueString value="template/liquid"/>
      </extension>
    </extension>
    <extension url="http://hl7.org/fhir/tools/StructureDefinition/ig-parameter">
      <extension url="code">
        <valueString value="path-liquid"/>
      </extension>
      <extension url="value">
        <valueString value="input/liquid"/>
      </extension>
    </extension>
    <extension url="http://hl7.org/fhir/tools/StructureDefinition/ig-parameter">
      <extension url="code">
        <valueString value="path-qa"/>
      </extension>
      <extension url="value">
        <valueString value="temp/qa"/>
      </extension>
    </extension>
    <extension url="http://hl7.org/fhir/tools/StructureDefinition/ig-parameter">
      <extension url="code">
        <valueString value="path-temp"/>
      </extension>
      <extension url="value">
        <valueString value="temp/pages"/>
      </extension>
    </extension>
    <extension url="http://hl7.org/fhir/tools/StructureDefinition/ig-parameter">
      <extension url="code">
        <valueString value="path-output"/>
      </extension>
      <extension url="value">
        <valueString value="output"/>
      </extension>
    </extension>
    <extension url="http://hl7.org/fhir/tools/StructureDefinition/ig-parameter">
      <extension url="code">
        <valueString value="path-suppressed-warnings"/>
      </extension>
      <extension url="value">
        <valueString value="input/ignoreWarnings.txt"/>
      </extension>
    </extension>
    <extension url="http://hl7.org/fhir/tools/StructureDefinition/ig-parameter">
      <extension url="code">
        <valueString value="path-history"/>
      </extension>
      <extension url="value">
        <valueString value="http://minsal.cl/fhir/core//history.html"/>
      </extension>
    </extension>
    <extension url="http://hl7.org/fhir/tools/StructureDefinition/ig-parameter">
      <extension url="code">
        <valueString value="template-html"/>
      </extension>
      <extension url="value">
        <valueString value="template-page.html"/>
      </extension>
    </extension>
    <extension url="http://hl7.org/fhir/tools/StructureDefinition/ig-parameter">
      <extension url="code">
        <valueString value="template-md"/>
      </extension>
      <extension url="value">
        <valueString value="template-page-md.html"/>
      </extension>
    </extension>
    <extension url="http://hl7.org/fhir/tools/StructureDefinition/ig-parameter">
      <extension url="code">
        <valueString value="apply-context"/>
      </extension>
      <extension url="value">
        <valueString value="true"/>
      </extension>
    </extension>
    <extension url="http://hl7.org/fhir/tools/StructureDefinition/ig-parameter">
      <extension url="code">
        <valueString value="apply-copyright"/>
      </extension>
      <extension url="value">
        <valueString value="true"/>
      </extension>
    </extension>
    <extension url="http://hl7.org/fhir/tools/StructureDefinition/ig-parameter">
      <extension url="code">
        <valueString value="apply-jurisdiction"/>
      </extension>
      <extension url="value">
        <valueString value="true"/>
      </extension>
    </extension>
    <extension url="http://hl7.org/fhir/tools/StructureDefinition/ig-parameter">
      <extension url="code">
        <valueString value="apply-license"/>
      </extension>
      <extension url="value">
        <valueString value="true"/>
      </extension>
    </extension>
    <extension url="http://hl7.org/fhir/tools/StructureDefinition/ig-parameter">
      <extension url="code">
        <valueString value="apply-version"/>
      </extension>
      <extension url="value">
        <valueString value="true"/>
      </extension>
    </extension>
    <extension url="http://hl7.org/fhir/tools/StructureDefinition/ig-parameter">
      <extension url="code">
        <valueString value="active-tables"/>
      </extension>
      <extension url="value">
        <valueString value="true"/>
      </extension>
    </extension>
    <resource>
      <extension url="http://hl7.org/fhir/tools/StructureDefinition/resource-information">
        <valueString value="StructureDefinition:resource"/>
      </extension>
      <reference>
        <reference value="StructureDefinition/RecetaEspecialidadCh"/>
      </reference>
      <name value="Perfil Se destina para determinar la especialidad del Prescriptor para Receta Digital, extensible a Core Nacional"/>
      <description value="Este Perfil ha sido desarrollado para cubrir las necesidades del Caso de Uso de Receta Electr&#xF3;nica. Sin embargo, se ha modelado con el fin de cubrir las necesidades nacionales de un Recurso de Especialidad M&#xE9;dica para la denominaci&#xF3;n de Prescriptor en Chile"/>
      <exampleBoolean value="false"/>
    </resource>
    <resource>
      <extension url="http://hl7.org/fhir/tools/StructureDefinition/resource-information">
        <valueString value="StructureDefinition:resource"/>
      </extension>
      <reference>
        <reference value="StructureDefinition/LocalizacionCoreCh"/>
      </reference>
      <name value="Perfil de Localizaci&#xF3;n de Objetos e Infraestructura"/>
      <description value="Este perfil determina la ubicaci&#xF3;n especifica para un evento, objeto o Infraestructura espec&#xED;fica. Este perfil permite vinlcular la localizaci&#xF3;n especifica con una organizaci&#xF3;n o espacio f&#xED;sico espec&#xED;fico "/>
      <exampleBoolean value="false"/>
    </resource>
    <resource>
      <extension url="http://hl7.org/fhir/tools/StructureDefinition/resource-information">
        <valueString value="StructureDefinition:resource"/>
      </extension>
      <reference>
        <reference value="StructureDefinition/RecetaMedicamentoCh"/>
      </reference>
      <name value="Perfil Se destina para generar el recuso de medicamento ha ser usado para el manejo de terminologpia de f&#xE1;rmacos en farmacos registrados extensible a Core Nacional"/>
      <description value="Este Perfil ha sido desarrollado para cubrir las necesidades del Caso de Uso de Receta Electr&#xF3;nica desde la visi&#xF3;n del TFC que se usar&#xE1; para poder manejar farmacos ya registrados, y que deber&#xE1;n ser consultados por los prestadores a la hora de prescribir algno."/>
      <exampleBoolean value="false"/>
    </resource>
    <resource>
      <extension url="http://hl7.org/fhir/tools/StructureDefinition/resource-information">
        <valueString value="StructureDefinition:resource"/>
      </extension>
      <reference>
        <reference value="StructureDefinition/RecetaOrganizacionCh"/>
      </reference>
      <name value="Perfil Se destina para determinar rganizaciones para Receta Digital, extensible a Core Nacional"/>
      <description value="Este Perfil ha sido desarrollado para cubrir las necesidades del Caso de Uso de Receta Electr&#xF3;nica. Sin embargo, se ha modelado con el fin de cubrir las necesidades nacionales de un Recurso de Organzaci&#xF3;n para cubrir las necesidades de una Organizaci&#xF3;n Prestadora de salud o Dispensadora"/>
      <exampleBoolean value="false"/>
    </resource>
    <resource>
      <extension url="http://hl7.org/fhir/tools/StructureDefinition/resource-information">
        <valueString value="StructureDefinition:resource"/>
      </extension>
      <reference>
        <reference value="StructureDefinition/RecetaPacientCh"/>
      </reference>
      <name value="Perfil Paciente para Receta Digital, extensible a Core Nacional"/>
      <description value="Este Perfil ha sido desarrollado para cubrir las necesidades del Caso de Uso de Receta Electr&#xF3;nica. Sin embargo, se ha modelado con el fin de cubrir las necesidades nacionales de un Recurso Paciente para un Historial Cl&#xED;nico Nacional"/>
      <exampleBoolean value="false"/>
    </resource>
    <resource>
      <extension url="http://hl7.org/fhir/tools/StructureDefinition/resource-information">
        <valueString value="StructureDefinition:resource"/>
      </extension>
      <reference>
        <reference value="StructureDefinition/RecetaPrestadorCh"/>
      </reference>
      <name value="Prestador Core CH"/>
      <description value="Este PErfil fue creado para cubrir la descripci&#xF3;n de un Prestador a nivel Nacional"/>
      <exampleBoolean value="false"/>
    </resource>
    <resource>
      <extension url="http://hl7.org/fhir/tools/StructureDefinition/resource-information">
        <valueString value="StructureDefinition:extension"/>
      </extension>
      <reference>
        <reference value="StructureDefinition/CodigoPaises"/>
      </reference>
      <name value="Codigo de Identificaci&#xF3;n de pa&#xED;ses"/>
      <description value="Esta extensi&#xF3;n incluye c&#xF3;digos de paises de origen"/>
      <exampleBoolean value="false"/>
    </resource>
    <resource>
      <extension url="http://hl7.org/fhir/tools/StructureDefinition/resource-information">
        <valueString value="ValueSet"/>
      </extension>
      <reference>
        <reference value="ValueSet/CodNacComunas"/>
      </reference>
      <name value="C&#xF3;digos de Comunas en Chile"/>
      <description value="Codigos definidos para identificar una comuna en Chile"/>
      <exampleBoolean value="false"/>
    </resource>
    <resource>
      <extension url="http://hl7.org/fhir/tools/StructureDefinition/resource-information">
        <valueString value="ValueSet"/>
      </extension>
      <reference>
        <reference value="ValueSet/CodProv"/>
      </reference>
      <name value="C&#xF3;digos de Provincias en Chile"/>
      <description value="Codigos definidos para identificar una provincia en Chile"/>
      <exampleBoolean value="false"/>
    </resource>
    <resource>
      <extension url="http://hl7.org/fhir/tools/StructureDefinition/resource-information">
        <valueString value="ValueSet"/>
      </extension>
      <reference>
        <reference value="ValueSet/CodReg"/>
      </reference>
      <name value="C&#xF3;digos de Regiones en Chile"/>
      <description value="Codigos definidos para identificar una comuna en Chile"/>
      <exampleBoolean value="false"/>
    </resource>
    <resource>
      <extension url="http://hl7.org/fhir/tools/StructureDefinition/resource-information">
        <valueString value="ValueSet"/>
      </extension>
      <reference>
        <reference value="ValueSet/DOCType-V2-0203"/>
      </reference>
      <name value="C&#xF3;digos de Pa&#xED;ses Segun Norma ISO-3166 N"/>
      <description value="Codigos para especificar tipos de identificadores usando lo definido en Hl7 V2.x"/>
      <exampleBoolean value="false"/>
    </resource>
    <resource>
      <extension url="http://hl7.org/fhir/tools/StructureDefinition/resource-information">
        <valueString value="ValueSet"/>
      </extension>
      <reference>
        <reference value="ValueSet/Esp-Tabla-DEIS"/>
      </reference>
      <name value="C&#xF3;digos de especialidades seg&#xFA;n DEIS"/>
      <description value="C&#xF3;digos de especialidades m&#xE9;dicas descritas segun DEIS"/>
      <exampleBoolean value="false"/>
    </resource>
    <resource>
      <extension url="http://hl7.org/fhir/tools/StructureDefinition/resource-information">
        <valueString value="ValueSet"/>
      </extension>
      <reference>
        <reference value="ValueSet/COD-ISO-3166-N"/>
      </reference>
      <name value="C&#xF3;digos de Tipos de Documentos"/>
      <description value="Codigos de paises para denominaci&#xF3;n segun la ISO-3166"/>
      <exampleBoolean value="false"/>
    </resource>
    <resource>
      <extension url="http://hl7.org/fhir/tools/StructureDefinition/resource-information">
        <valueString value="ValueSet"/>
      </extension>
      <reference>
        <reference value="ValueSet/COD-Cert-RNPI"/>
      </reference>
      <name value="C&#xF3;digos de tipos de certificaciones segun la Super Intendecia de Salud"/>
      <description value="tipos de certficados reconocibles por la Super Intendecia como v&#xE1;lidos para ejercer en Chile"/>
      <exampleBoolean value="false"/>
    </resource>
    <resource>
      <extension url="http://hl7.org/fhir/tools/StructureDefinition/resource-information">
        <valueString value="PractitionerRole"/>
      </extension>
      <reference>
        <reference value="PractitionerRole/EspecialidadCH"/>
      </reference>
      <name value="Ejemplo de Recurso de especialidad"/>
      <exampleCanonical value="http://minsal.cl/fhir/core//StructureDefinition/RecetaEspecialidadCh"/>
    </resource>
    <resource>
      <extension url="http://hl7.org/fhir/tools/StructureDefinition/resource-information">
        <valueString value="Location"/>
      </extension>
      <reference>
        <reference value="Location/LocalizacionEjemploCH"/>
      </reference>
      <name value="Ejemplo de Recurso de organizaci&#xF3;n prestadora de salud en la cual el paciente es atendido y se le hace la prescripci&#xF3;n"/>
      <exampleCanonical value="http://minsal.cl/fhir/core//StructureDefinition/LocalizacionCoreCh"/>
    </resource>
    <resource>
      <extension url="http://hl7.org/fhir/tools/StructureDefinition/resource-information">
        <valueString value="Medication"/>
      </extension>
      <reference>
        <reference value="Medication/MedicamentoRecetaCH"/>
      </reference>
      <name value="Ejemplo de Recurso Paciente para Historia Cl&#xED;nica"/>
      <exampleCanonical value="http://minsal.cl/fhir/core//StructureDefinition/RecetaMedicamentoCh"/>
    </resource>
    <resource>
      <extension url="http://hl7.org/fhir/tools/StructureDefinition/resource-information">
        <valueString value="OperationDefinition"/>
      </extension>
      <reference>
        <reference value="OperationDefinition/Operation"/>
      </reference>
      <name value="$everything"/>
      <description value="Las principales diferencias entre esta operaci&#xF3;n y la simple b&#xFA;squeda en el compartimento del paciente son&#xD;&#xA;&#xD;&#xA;&#x2022;&#x9;A menos que el cliente solicite lo contrario, el servidor devuelve todo el conjunto de resultados en un solo paquete (en lugar de utilizar la paginaci&#xF3;n)&#xD;&#xA;&#xD;&#xA;&#x2022;&#x9;Al servidor es responsable de determinar qu&#xE9; recursos debe devolver como recursos incluidos (en lugar de que el cliente especifique cu&#xE1;les).&#xD;&#xA;Esto libera al cliente de la necesidad de determinar lo que podr&#xED;a o deber&#xED;a pedir, especialmente en lo que respecta a los recursos incluidos. Los servidores deben considerar la devoluci&#xF3;n de Provenance y AuditTrail apropiados en los recursos devueltos, aunque &#xE9;stos no formen parte directamente del compartimento del paciente.&#xD;&#xA;&#xD;&#xA;Se supone que el servidor ha identificado y asegurado el contexto adecuadamente, y puede asociar el contexto de autorizaci&#xF3;n con un &#xFA;nico paciente, o determinar si el contexto tiene los derechos del paciente nominado, si lo hay, o puede determinar una lista apropiada de pacientes para los que proporcionar datos a partir del contexto de la solicitud. Si no hay un paciente nominado (GET /Patient/$everything) y el contexto no est&#xE1; asociado a un &#xFA;nico registro de paciente, la lista real de pacientes es la de todos los pacientes a los que el usuario asociado a la solicitud tiene acceso. Puede tratarse de todos los pacientes de la familia a los que el paciente tiene acceso, o puede tratarse de todos los pacientes a los que un proveedor de atenci&#xF3;n tiene acceso, o de todos los pacientes del sistema de registros completo. En estos casos, el servidor puede optar por devolver un error en lugar de todos los registros. La especificaci&#xF3;n de la relaci&#xF3;n entre el contexto, un usuario y los registros de los pacientes est&#xE1; fuera del alcance de esta especificaci&#xF3;n (aunque v&#xE9;ase la gu&#xED;a de implementaci&#xF3;n de Smart App Launch.&#xD;&#xA;&#xD;&#xA;Cuando esta operaci&#xF3;n se utiliza para acceder a varios registros de pacientes a la vez, el paquete de retorno podr&#xED;a ser bastante grande; los servidores pueden optar por exigir que dichas solicitudes se realicen de forma as&#xED;ncrona y se asocien a formatos de datos masivos. Por otra parte, los clientes pueden optar por hojear el conjunto de resultados (o los servidores pueden exigirlo). La paginaci&#xF3;n de los resultados se realiza de la misma manera que la b&#xFA;squeda, utilizando el par&#xE1;metro _count y los enlaces Bundle. Los implementadores deben tener en cuenta que la paginaci&#xF3;n ser&#xE1; m&#xE1;s lenta que la simple devoluci&#xF3;n de todos los resultados a la vez (m&#xE1;s tr&#xE1;fico de red, m&#xFA;ltiples retrasos de latencia), pero puede ser necesaria para no agotar la memoria disponible leyendo o escribiendo toda la respuesta en un solo paquete. A diferencia de la b&#xFA;squeda, no hay un orden inherente al usuario para la operaci&#xF3;n $everything. Los servidores pueden considerar la posibilidad de ordenar los recursos devueltos en orden descendente de la &#xFA;ltima actualizaci&#xF3;n del registro, pero no est&#xE1;n obligados a hacerlo.&#xD;&#xA;&#xD;&#xA;El par&#xE1;metro *since se proporciona para soportar consultas peri&#xF3;dicas para obtener informaci&#xF3;n adicional que ha cambiado sobre el paciente desde la &#xFA;ltima consulta. Esto significa que el par&#xE1;metro _since se basa en la hora del registro. El valor del par&#xE1;metro *since debe ajustarse a la hora del servidor. Si se utiliza la respuesta directa, se trata de la marca de tiempo en la cabecera de la respuesta. Si se utiliza la interfaz as&#xED;ncrona, se trata de la marca de tiempo de la transacci&#xF3;n en la respuesta json. Los servidores deben asegurarse de que las marcas de tiempo se gestionen de forma que el cliente no pierda ning&#xFA;n cambio. Los clientes deben ser capaces de obtener la misma respuesta m&#xE1;s de una vez en el caso de que la transacci&#xF3;n caiga en un l&#xED;mite de tiempo. Los clientes deben asegurarse de que los dem&#xE1;s par&#xE1;metros de consulta sean constantes para garantizar un conjunto coherente de registros al realizar consultas peri&#xF3;dicas."/>
      <exampleBoolean value="false"/>
    </resource>
    <resource>
      <extension url="http://hl7.org/fhir/tools/StructureDefinition/resource-information">
        <valueString value="OperationDefinition"/>
      </extension>
      <reference>
        <reference value="OperationDefinition/OperationDefinition"/>
      </reference>
      <name value="$match"/>
      <description value="Un &#xED;ndice maestro de pacientes (MPI ) es un servicio utilizado para gestionar la identificaci&#xF3;n de pacientes en un contexto en el que existen m&#xFA;ltiples bases de datos de pacientes. &#xD;&#xA;&#xD;&#xA;Las aplicaciones sanitarias y el middleware utilizan el MPI para cotejar los pacientes entre las bases de datos y para almacenar los datos de los nuevos pacientes a medida que se encuentran. &#xD;&#xA;&#xD;&#xA;Los MPI son aplicaciones muy especializadas, que a menudo se adaptan ampliamente a la combinaci&#xF3;n particular de pacientes de la instituci&#xF3;n. Las IPM tambi&#xE9;n pueden funcionar a nivel regional y nacional.Para pedir a un MPI que haga coincidir un paciente, los clientes utilizan la operaci&#xF3;n $match, que acepta un recurso de paciente que puede estar s&#xF3;lo parcialmente completo. &#xD;&#xA;&#xD;&#xA;Los datos proporcionados se interpretan como una entrada MPI y son procesados por un algoritmo de alg&#xFA;n tipo que utiliza los datos para determinar las coincidencias m&#xE1;s apropiadas en el conjunto de pacientes. Tenga en cuenta que los diferentes algoritmos de emparejamiento MPI tienen diferentes entradas requeridas. La operaci&#xF3;n gen&#xE9;rica $match no especifica ning&#xFA;n algoritmo en particular, ni un conjunto m&#xED;nimo de informaci&#xF3;n que debe proporcionarse cuando se pide que se realice una operaci&#xF3;n de coincidencia MPI, pero muchas implementaciones tendr&#xE1;n un conjunto de informaci&#xF3;n m&#xED;nima, que puede declararse en su definici&#xF3;n de la operaci&#xF3;n $match especificando un perfil en el par&#xE1;metro del recurso, indicando qu&#xE9; propiedades se requieren en la b&#xFA;squeda. El recurso del paciente enviado a la operaci&#xF3;n no tiene que estar completo, ni tiene que pasar la validaci&#xF3;n (es decir, los campos obligatorios no tienen que ser rellenados), pero s&#xED; tiene que ser una instancia v&#xE1;lida, ya que se utiliza como los datos de referencia para comparar."/>
      <exampleBoolean value="false"/>
    </resource>
    <resource>
      <extension url="http://hl7.org/fhir/tools/StructureDefinition/resource-information">
        <valueString value="Organization"/>
      </extension>
      <reference>
        <reference value="Organization/OrganizacionRecetaCH"/>
      </reference>
      <name value="Ejemplo de Recurso de organizaci&#xF3;n prestadora de salud en la cual el paciente es atendido y se le hace la prescripci&#xF3;n"/>
      <exampleCanonical value="http://minsal.cl/fhir/core//StructureDefinition/RecetaOrganizacionCh"/>
    </resource>
    <resource>
      <extension url="http://hl7.org/fhir/tools/StructureDefinition/resource-information">
        <valueString value="Patient"/>
      </extension>
      <reference>
        <reference value="Patient/PacienteRecetaCH"/>
      </reference>
      <name value="Ejemplo de Recurso Paciente para Historia Cl&#xED;nica"/>
      <exampleCanonical value="http://minsal.cl/fhir/core//StructureDefinition/RecetaPacientCh"/>
    </resource>
    <resource>
      <extension url="http://hl7.org/fhir/tools/StructureDefinition/resource-information">
        <valueString value="Patient"/>
      </extension>
      <reference>
        <reference value="Patient/PacienteRecetaCHEx"/>
      </reference>
      <name value="Ejemplo de Recurso Paciente Extranjero"/>
      <exampleCanonical value="http://minsal.cl/fhir/core//StructureDefinition/RecetaPacientCh"/>
    </resource>
    <resource>
      <extension url="http://hl7.org/fhir/tools/StructureDefinition/resource-information">
        <valueString value="Practitioner"/>
      </extension>
      <reference>
        <reference value="Practitioner/PrestadorCH"/>
      </reference>
      <name value="Ejemplo de Recurso Prestador como base para un Core Nacional"/>
      <exampleCanonical value="http://minsal.cl/fhir/core//StructureDefinition/RecetaPrestadorCh"/>
    </resource>
    <page>
      <nameUrl value="toc.html"/>
      <title value="Table of Contents"/>
      <generation value="html"/>
      <page>
        <nameUrl value="index.html"/>
        <title value="Home"/>
        <generation value="markdown"/>
      </page>
      <page>
        <nameUrl value="casos.html"/>
        <title value="Casos"/>
        <generation value="markdown"/>
      </page>
      <page>
        <nameUrl value="objetivos.html"/>
        <title value="Objetivos"/>
        <generation value="markdown"/>
      </page>
      <page>
        <nameUrl value="operaciones.html"/>
        <title value="Operaciones"/>
        <generation value="markdown"/>
      </page>
      <page>
        <nameUrl value="terminologias.html"/>
        <title value="Terminologias"/>
        <generation value="markdown"/>
      </page>
    </page>
    <parameter>
      <code value="path-resource"/>
      <value value="input/capabilities"/>
    </parameter>
    <parameter>
      <code value="path-resource"/>
      <value value="input/examples"/>
    </parameter>
    <parameter>
      <code value="path-resource"/>
      <value value="input/extensions"/>
    </parameter>
    <parameter>
      <code value="path-resource"/>
      <value value="input/models"/>
    </parameter>
    <parameter>
      <code value="path-resource"/>
      <value value="input/operations"/>
    </parameter>
    <parameter>
      <code value="path-resource"/>
      <value value="input/profiles"/>
    </parameter>
    <parameter>
      <code value="path-resource"/>
      <value value="input/resources"/>
    </parameter>
    <parameter>
      <code value="path-resource"/>
      <value value="input/vocabulary"/>
    </parameter>
    <parameter>
      <code value="path-resource"/>
      <value value="input/maps"/>
    </parameter>
    <parameter>
      <code value="path-resource"/>
      <value value="input/testing"/>
    </parameter>
    <parameter>
      <code value="path-resource"/>
      <value value="input/history"/>
    </parameter>
    <parameter>
      <code value="path-resource"/>
      <value value="fsh-generated/resources"/>
    </parameter>
    <parameter>
      <code value="path-pages"/>
      <value value="template/config"/>
    </parameter>
    <parameter>
      <code value="path-pages"/>
      <value value="input/images"/>
    </parameter>
    <parameter>
      <code value="path-tx-cache"/>
      <value value="input-cache/txcache"/>
    </parameter>
  </definition>
</ImplementationGuide>