<?xml version="1.0" encoding="UTF-8"?>

<Location xmlns="http://hl7.org/fhir">
  <id value="LocalizacionEjemploCH"/>
  <meta>
    <profile value="http://minsal.cl/fhir/core//StructureDefinition/LocalizacionCoreCh"/>
  </meta>
  <text>
    <status value="generated"/><div xmlns="http://www.w3.org/1999/xhtml"><p><b>Generated Narrative</b></p><p><b>identifier</b>: id: 23144561</p><p><b>status</b>: active</p><p><b>name</b>: Gran Farmacia Gran</p><p><b>type</b>: <span title="Codes: ">Farmacia</span></p><p><b>telecom</b>: ph: (+56) 234221678</p><p><b>address</b>: Calle 10 Norte, 1240, Viña del Mar 05109 051 05 152 </p><h3>Positions</h3><table class="grid"><tr><td>-</td><td><b>Longitude</b></td><td><b>Latitude</b></td></tr><tr><td>*</td><td>42.2565</td><td>-71.550261</td></tr></table><p><b>managingOrganization</b>: <a href="http://MINSAL.cl/API/Organizaciones/Id22112">http://MINSAL.cl/API/Organizaciones/Id22112</a></p></div>
  </text>
  <identifier>
    <value value="23144561"/>
  </identifier>
  <status value="active"/>
  <name value="Gran Farmacia Gran"/>
  <type>
    <coding>
      <code value="PHARM"/>
      <display value="Farmacia"/>
    </coding>
  </type>
  <telecom>
    <system value="phone"/>
    <value value="(+56) 234221678"/>
  </telecom>
  <address>
    <line value="Calle 10 Norte, 1240, Vi&#xF1;a del Mar"/>
    <city value="05109"/>
    <state value="051"/>
    <postalCode value="05"/>
    <country value="152"/>
  </address>
  <position>
    <longitude value="42.2565"/>
    <latitude value="-71.550261"/>
  </position>
  <managingOrganization>
    <reference value="http://MINSAL.cl/API/Organizaciones/Id22112"/>
  </managingOrganization>
</Location>