{
  "resourceType": "OperationDefinition",
  "id": "Operation",
  "text": {
    "status": "extensions",
    "div": "<div xmlns=\"http://www.w3.org/1999/xhtml\"><h2>$everything</h2><p>OPERATION: $everything</p><p>The official URL for this operation definition is: </p><pre>http://hl7.org/fhir/OperationDefinition/Patient-everything</pre><div><p>Las principales diferencias entre esta operación y la simple búsqueda en el compartimento del paciente son</p>\n<p>•\tA menos que el cliente solicite lo contrario, el servidor devuelve todo el conjunto de resultados en un solo paquete (en lugar de utilizar la paginación)</p>\n<p>•\tAl servidor es responsable de determinar qué recursos debe devolver como recursos incluidos (en lugar de que el cliente especifique cuáles).\nEsto libera al cliente de la necesidad de determinar lo que podría o debería pedir, especialmente en lo que respecta a los recursos incluidos. Los servidores deben considerar la devolución de Provenance y AuditTrail apropiados en los recursos devueltos, aunque éstos no formen parte directamente del compartimento del paciente.</p>\n<p>Se supone que el servidor ha identificado y asegurado el contexto adecuadamente, y puede asociar el contexto de autorización con un único paciente, o determinar si el contexto tiene los derechos del paciente nominado, si lo hay, o puede determinar una lista apropiada de pacientes para los que proporcionar datos a partir del contexto de la solicitud. Si no hay un paciente nominado (GET /Patient/$everything) y el contexto no está asociado a un único registro de paciente, la lista real de pacientes es la de todos los pacientes a los que el usuario asociado a la solicitud tiene acceso. Puede tratarse de todos los pacientes de la familia a los que el paciente tiene acceso, o puede tratarse de todos los pacientes a los que un proveedor de atención tiene acceso, o de todos los pacientes del sistema de registros completo. En estos casos, el servidor puede optar por devolver un error en lugar de todos los registros. La especificación de la relación entre el contexto, un usuario y los registros de los pacientes está fuera del alcance de esta especificación (aunque véase la guía de implementación de Smart App Launch.</p>\n<p>Cuando esta operación se utiliza para acceder a varios registros de pacientes a la vez, el paquete de retorno podría ser bastante grande; los servidores pueden optar por exigir que dichas solicitudes se realicen de forma asíncrona y se asocien a formatos de datos masivos. Por otra parte, los clientes pueden optar por hojear el conjunto de resultados (o los servidores pueden exigirlo). La paginación de los resultados se realiza de la misma manera que la búsqueda, utilizando el parámetro _count y los enlaces Bundle. Los implementadores deben tener en cuenta que la paginación será más lenta que la simple devolución de todos los resultados a la vez (más tráfico de red, múltiples retrasos de latencia), pero puede ser necesaria para no agotar la memoria disponible leyendo o escribiendo toda la respuesta en un solo paquete. A diferencia de la búsqueda, no hay un orden inherente al usuario para la operación $everything. Los servidores pueden considerar la posibilidad de ordenar los recursos devueltos en orden descendente de la última actualización del registro, pero no están obligados a hacerlo.</p>\n<p>El parámetro *since se proporciona para soportar consultas periódicas para obtener información adicional que ha cambiado sobre el paciente desde la última consulta. Esto significa que el parámetro _since se basa en la hora del registro. El valor del parámetro *since debe ajustarse a la hora del servidor. Si se utiliza la respuesta directa, se trata de la marca de tiempo en la cabecera de la respuesta. Si se utiliza la interfaz asíncrona, se trata de la marca de tiempo de la transacción en la respuesta json. Los servidores deben asegurarse de que las marcas de tiempo se gestionen de forma que el cliente no pierda ningún cambio. Los clientes deben ser capaces de obtener la misma respuesta más de una vez en el caso de que la transacción caiga en un límite de tiempo. Los clientes deben asegurarse de que los demás parámetros de consulta sean constantes para garantizar un conjunto coherente de registros al realizar consultas periódicas.</p>\n</div><p>URL: [base]/Patient/$everything</p><p>URL: [base]/Patient/[id]/$everything</p><p>Parameters</p><table class=\"grid\"><tr><td><b>Use</b></td><td><b>Name</b></td><td><b>Cardinality</b></td><td><b>Type</b></td><td><b>Binding</b></td><td><b>Documentation</b></td></tr><tr><td>IN</td><td>start</td><td>0..1</td><td><a href=\"http://hl7.org/fhir/R4/datatypes.html#date\">date</a></td><td/><td><div><p>El intervalo de fechas se refiere a las fechas de la atención, no a las fechas de la moneda del registro; por ejemplo, todos los registros relativos a la atención prestada en un determinado intervalo de fechas. Si no se proporciona una fecha de inicio, todos los registros anteriores a la fecha de finalización están en el ámbito de aplicación.</p>\n</div></td></tr><tr><td>IN</td><td>end</td><td>0..1</td><td><a href=\"http://hl7.org/fhir/R4/datatypes.html#date\">date</a></td><td/><td><div><p>El intervalo de fechas se refiere a las fechas de la atención, no a las fechas de la moneda del registro; por ejemplo, todos los registros relativos a la atención prestada en un determinado intervalo de fechas. Si no se proporciona una fecha de finalización, todos los registros posteriores a la fecha de inicio están en el ámbito de aplicación.</p>\n</div></td></tr><tr><td>IN</td><td>_since</td><td>0..1</td><td><a href=\"http://hl7.org/fhir/R4/datatypes.html#instant\">instant</a></td><td/><td><div><p>Los recursos actualizados después de este periodo se incluirán en la respuesta. La intención de este parámetro es permitir que un cliente solicite sólo los registros que han cambiado desde la última solicitud, basándose en la hora de la cabecera de retorno, o (para uso asíncrono), la hora de la transacción</p>\n</div></td></tr><tr><td>IN</td><td>_type</td><td>0..1</td><td><a href=\"http://hl7.org/fhir/R4/datatypes.html#code\">code</a></td><td/><td><div><p>Uno o más parámetros, cada uno de los cuales contiene uno o más tipos de recursos FHIR delimitados por comas para incluirlos en los recursos devueltos. En ausencia de tipos especificados, el servidor devuelve todos los tipos de recursos</p>\n</div></td></tr><tr><td>IN</td><td>count</td><td>0..1</td><td><a href=\"http://hl7.org/fhir/R4/datatypes.html#integer\">integer</a></td><td/><td><div><p>Véase la discusión más abajo sobre la utilidad de paginar los resultados de la operación $everything</p>\n</div></td></tr><tr><td>OUT</td><td>return</td><td>1..1</td><td><a href=\"http://hl7.org/fhir/R4/bundle.html\">Bundle</a></td><td/><td><div><p>El tipo de Bundle es searchset</p>\n</div></td></tr></table><div><p>principales diferencias entre esta operación y la simple búsqueda en el compartimento del paciente son</p>\n<p>•\tA menos que el cliente solicite lo contrario, el servidor devuelve todo el conjunto de resultados en un solo paquete (en lugar de utilizar la paginación)</p>\n<p>•\tEl servidor es responsable de determinar qué recursos debe devolver como recursos incluidos (en lugar de que el cliente especifique cuáles).\nEsto libera al cliente de la necesidad de determinar lo que podría o debería pedir, especialmente en lo que respecta a los recursos incluidos. Los servidores deben considerar la devolución de Provenance y AuditTrail apropiados en los recursos devueltos, aunque éstos no formen parte directamente del compartimento del paciente.</p>\n<p>Se supone que el servidor ha identificado y asegurado el contexto adecuadamente, y puede asociar el contexto de autorización con un único paciente, o determinar si el contexto tiene los derechos del paciente nominado, si lo hay, o puede determinar una lista apropiada de pacientes para los que proporcionar datos a partir del contexto de la solicitud. Si no hay un paciente nominado (GET /Patient/$everything) y el contexto no está asociado a un único registro de paciente, la lista real de pacientes es la de todos los pacientes a los que el usuario asociado a la solicitud tiene acceso. Puede tratarse de todos los pacientes de la familia a los que el paciente tiene acceso, o puede tratarse de todos los pacientes a los que un proveedor de atención tiene acceso, o de todos los pacientes del sistema de registros completo. En estos casos, el servidor puede optar por devolver un error en lugar de todos los registros. La especificación de la relación entre el contexto, un usuario y los registros de los pacientes está fuera del alcance de esta especificación (aunque véase la guía de implementación de Smart App Launch.</p>\n<p>Cuando esta operación se utiliza para acceder a varios registros de pacientes a la vez, el paquete de retorno podría ser bastante grande; los servidores pueden optar por exigir que dichas solicitudes se realicen de forma asíncrona y se asocien a formatos de datos masivos. Por otra parte, los clientes pueden optar por hojear el conjunto de resultados (o los servidores pueden exigirlo). La paginación de los resultados se realiza de la misma manera que la búsqueda, utilizando el parámetro _count y los enlaces Bundle. Los implementadores deben tener en cuenta que la paginación será más lenta que la simple devolución de todos los resultados a la vez (más tráfico de red, múltiples retrasos de latencia), pero puede ser necesaria para no agotar la memoria disponible leyendo o escribiendo toda la respuesta en un solo paquete. A diferencia de la búsqueda, no hay un orden inherente al usuario para la operación $everything. Los servidores pueden considerar la posibilidad de ordenar los recursos devueltos en orden descendente de la última actualización del registro, pero no están obligados a hacerlo.</p>\n<p>El parámetro *since se proporciona para soportar consultas periódicas para obtener información adicional que ha cambiado sobre el paciente desde la última consulta. Esto significa que el parámetro _since se basa en la hora del registro. El valor del parámetro *since debe ajustarse a la hora del servidor. Si se utiliza la respuesta directa, se trata de la marca de tiempo en la cabecera de la respuesta. Si se utiliza la interfaz asíncrona, se trata de la marca de tiempo de la transacción en la respuesta json. Los servidores deben asegurarse de que las marcas de tiempo se gestionen de forma que el cliente no pierda ningún cambio. Los clientes deben ser capaces de obtener la misma respuesta más de una vez en el caso de que la transacción caiga en un límite de tiempo. Los clientes deben asegurarse de que los demás parámetros de consulta sean constantes para garantizar un conjunto coherente de registros al realizar consultas periódicas.</p>\n</div></div>"
  },
  "url": "http://hl7.org/fhir/OperationDefinition/Patient-everything",
  "version": "0.8 (Ballot Pendiente)",
  "name": "$everything",
  "title": "Operacion $everything: Encuentro de Información de Pacientes",
  "status": "draft",
  "kind": "operation",
  "date": "2021-08-30T14:48:34-04:00",
  "contact": [
    {
      "name": "Pablo Pizzaro",
      "telecom": [
        {
          "system": "email",
          "value": "ppizarro.delgado@minsal.cl"
        }
      ]
    }
  ],
  "description": "Las principales diferencias entre esta operación y la simple búsqueda en el compartimento del paciente son\n\n•\tA menos que el cliente solicite lo contrario, el servidor devuelve todo el conjunto de resultados en un solo paquete (en lugar de utilizar la paginación)\n\n•\tAl servidor es responsable de determinar qué recursos debe devolver como recursos incluidos (en lugar de que el cliente especifique cuáles).\nEsto libera al cliente de la necesidad de determinar lo que podría o debería pedir, especialmente en lo que respecta a los recursos incluidos. Los servidores deben considerar la devolución de Provenance y AuditTrail apropiados en los recursos devueltos, aunque éstos no formen parte directamente del compartimento del paciente.\n\nSe supone que el servidor ha identificado y asegurado el contexto adecuadamente, y puede asociar el contexto de autorización con un único paciente, o determinar si el contexto tiene los derechos del paciente nominado, si lo hay, o puede determinar una lista apropiada de pacientes para los que proporcionar datos a partir del contexto de la solicitud. Si no hay un paciente nominado (GET /Patient/$everything) y el contexto no está asociado a un único registro de paciente, la lista real de pacientes es la de todos los pacientes a los que el usuario asociado a la solicitud tiene acceso. Puede tratarse de todos los pacientes de la familia a los que el paciente tiene acceso, o puede tratarse de todos los pacientes a los que un proveedor de atención tiene acceso, o de todos los pacientes del sistema de registros completo. En estos casos, el servidor puede optar por devolver un error en lugar de todos los registros. La especificación de la relación entre el contexto, un usuario y los registros de los pacientes está fuera del alcance de esta especificación (aunque véase la guía de implementación de Smart App Launch.\n\nCuando esta operación se utiliza para acceder a varios registros de pacientes a la vez, el paquete de retorno podría ser bastante grande; los servidores pueden optar por exigir que dichas solicitudes se realicen de forma asíncrona y se asocien a formatos de datos masivos. Por otra parte, los clientes pueden optar por hojear el conjunto de resultados (o los servidores pueden exigirlo). La paginación de los resultados se realiza de la misma manera que la búsqueda, utilizando el parámetro _count y los enlaces Bundle. Los implementadores deben tener en cuenta que la paginación será más lenta que la simple devolución de todos los resultados a la vez (más tráfico de red, múltiples retrasos de latencia), pero puede ser necesaria para no agotar la memoria disponible leyendo o escribiendo toda la respuesta en un solo paquete. A diferencia de la búsqueda, no hay un orden inherente al usuario para la operación $everything. Los servidores pueden considerar la posibilidad de ordenar los recursos devueltos en orden descendente de la última actualización del registro, pero no están obligados a hacerlo.\n\nEl parámetro *since se proporciona para soportar consultas periódicas para obtener información adicional que ha cambiado sobre el paciente desde la última consulta. Esto significa que el parámetro _since se basa en la hora del registro. El valor del parámetro *since debe ajustarse a la hora del servidor. Si se utiliza la respuesta directa, se trata de la marca de tiempo en la cabecera de la respuesta. Si se utiliza la interfaz asíncrona, se trata de la marca de tiempo de la transacción en la respuesta json. Los servidores deben asegurarse de que las marcas de tiempo se gestionen de forma que el cliente no pierda ningún cambio. Los clientes deben ser capaces de obtener la misma respuesta más de una vez en el caso de que la transacción caiga en un límite de tiempo. Los clientes deben asegurarse de que los demás parámetros de consulta sean constantes para garantizar un conjunto coherente de registros al realizar consultas periódicas.",
  "code": "everything",
  "comment": "principales diferencias entre esta operación y la simple búsqueda en el compartimento del paciente son\n\n•\tA menos que el cliente solicite lo contrario, el servidor devuelve todo el conjunto de resultados en un solo paquete (en lugar de utilizar la paginación)\n\n•\tEl servidor es responsable de determinar qué recursos debe devolver como recursos incluidos (en lugar de que el cliente especifique cuáles).\nEsto libera al cliente de la necesidad de determinar lo que podría o debería pedir, especialmente en lo que respecta a los recursos incluidos. Los servidores deben considerar la devolución de Provenance y AuditTrail apropiados en los recursos devueltos, aunque éstos no formen parte directamente del compartimento del paciente.\n\nSe supone que el servidor ha identificado y asegurado el contexto adecuadamente, y puede asociar el contexto de autorización con un único paciente, o determinar si el contexto tiene los derechos del paciente nominado, si lo hay, o puede determinar una lista apropiada de pacientes para los que proporcionar datos a partir del contexto de la solicitud. Si no hay un paciente nominado (GET /Patient/$everything) y el contexto no está asociado a un único registro de paciente, la lista real de pacientes es la de todos los pacientes a los que el usuario asociado a la solicitud tiene acceso. Puede tratarse de todos los pacientes de la familia a los que el paciente tiene acceso, o puede tratarse de todos los pacientes a los que un proveedor de atención tiene acceso, o de todos los pacientes del sistema de registros completo. En estos casos, el servidor puede optar por devolver un error en lugar de todos los registros. La especificación de la relación entre el contexto, un usuario y los registros de los pacientes está fuera del alcance de esta especificación (aunque véase la guía de implementación de Smart App Launch.\n\nCuando esta operación se utiliza para acceder a varios registros de pacientes a la vez, el paquete de retorno podría ser bastante grande; los servidores pueden optar por exigir que dichas solicitudes se realicen de forma asíncrona y se asocien a formatos de datos masivos. Por otra parte, los clientes pueden optar por hojear el conjunto de resultados (o los servidores pueden exigirlo). La paginación de los resultados se realiza de la misma manera que la búsqueda, utilizando el parámetro _count y los enlaces Bundle. Los implementadores deben tener en cuenta que la paginación será más lenta que la simple devolución de todos los resultados a la vez (más tráfico de red, múltiples retrasos de latencia), pero puede ser necesaria para no agotar la memoria disponible leyendo o escribiendo toda la respuesta en un solo paquete. A diferencia de la búsqueda, no hay un orden inherente al usuario para la operación $everything. Los servidores pueden considerar la posibilidad de ordenar los recursos devueltos en orden descendente de la última actualización del registro, pero no están obligados a hacerlo.\n\nEl parámetro *since se proporciona para soportar consultas periódicas para obtener información adicional que ha cambiado sobre el paciente desde la última consulta. Esto significa que el parámetro _since se basa en la hora del registro. El valor del parámetro *since debe ajustarse a la hora del servidor. Si se utiliza la respuesta directa, se trata de la marca de tiempo en la cabecera de la respuesta. Si se utiliza la interfaz asíncrona, se trata de la marca de tiempo de la transacción en la respuesta json. Los servidores deben asegurarse de que las marcas de tiempo se gestionen de forma que el cliente no pierda ningún cambio. Los clientes deben ser capaces de obtener la misma respuesta más de una vez en el caso de que la transacción caiga en un límite de tiempo. Los clientes deben asegurarse de que los demás parámetros de consulta sean constantes para garantizar un conjunto coherente de registros al realizar consultas periódicas.",
  "resource": [
    "Patient"
  ],
  "system": false,
  "type": true,
  "instance": true,
  "parameter": [
    {
      "name": "start",
      "use": "in",
      "min": 0,
      "max": "1",
      "documentation": "El intervalo de fechas se refiere a las fechas de la atención, no a las fechas de la moneda del registro; por ejemplo, todos los registros relativos a la atención prestada en un determinado intervalo de fechas. Si no se proporciona una fecha de inicio, todos los registros anteriores a la fecha de finalización están en el ámbito de aplicación.",
      "type": "date"
    },
    {
      "name": "end",
      "use": "in",
      "min": 0,
      "max": "1",
      "documentation": "El intervalo de fechas se refiere a las fechas de la atención, no a las fechas de la moneda del registro; por ejemplo, todos los registros relativos a la atención prestada en un determinado intervalo de fechas. Si no se proporciona una fecha de finalización, todos los registros posteriores a la fecha de inicio están en el ámbito de aplicación.",
      "type": "date"
    },
    {
      "name": "_since",
      "use": "in",
      "min": 0,
      "max": "1",
      "documentation": "Los recursos actualizados después de este periodo se incluirán en la respuesta. La intención de este parámetro es permitir que un cliente solicite sólo los registros que han cambiado desde la última solicitud, basándose en la hora de la cabecera de retorno, o (para uso asíncrono), la hora de la transacción",
      "type": "instant"
    },
    {
      "name": "_type",
      "use": "in",
      "min": 0,
      "max": "1",
      "documentation": "Uno o más parámetros, cada uno de los cuales contiene uno o más tipos de recursos FHIR delimitados por comas para incluirlos en los recursos devueltos. En ausencia de tipos especificados, el servidor devuelve todos los tipos de recursos",
      "type": "code"
    },
    {
      "name": "count",
      "use": "in",
      "min": 0,
      "max": "1",
      "documentation": "Véase la discusión más abajo sobre la utilidad de paginar los resultados de la operación $everything",
      "type": "integer"
    },
    {
      "name": "return",
      "use": "out",
      "min": 1,
      "max": "1",
      "documentation": "El tipo de Bundle es searchset",
      "type": "Bundle"
    }
  ]
}