<?xml version="1.0" encoding="UTF-8"?>

<ValueSet xmlns="http://hl7.org/fhir">
  <id value="COD-regiones-deis"/>
  <text>
    <status value="generated"/><div xmlns="http://www.w3.org/1999/xhtml"><ul><li>Include all codes defined in <code>https://minsal.cl/CodRegion</code></li></ul></div>
  </text>
  <url value="http://core.hl7chile.cl/ValueSet/COD-regiones-deis"/>
  <version value="0.8 (Ballot Pendiente)"/>
  <name value="CodRegion"/>
  <title value="Codificacion de regiones"/>
  <status value="active"/>
  <date value="2021-09-15T14:26:58-03:00"/>
  <contact>
    <name value="Pablo Pizzaro"/>
    <telecom>
      <system value="email"/>
      <value value="ppizarro.delgado@minsal.cl"/>
    </telecom>
  </contact>
  <description value="Tabla con codificacion para todas las regiones del pais"/>
  <compose>
    <include>
      <system value="https://minsal.cl/CodRegion"/>
    </include>
  </compose>
</ValueSet>