{
  "resourceType": "ValueSet",
  "id": "CodProv",
  "text": {
    "status": "generated",
    "div": "<div xmlns=\"http://www.w3.org/1999/xhtml\"><ul><li>Include all codes defined in <code>https://apis.digital.gob.cl/dpa/provincias/</code></li></ul></div>"
  },
  "url": "http://minsal.cl/fhir/core//ValueSet/CodProv",
  "version": "0.22",
  "name": "CodProvincia",
  "title": "Códigos de Provincias en Chile",
  "status": "active",
  "date": "2021-08-26T15:10:39-04:00",
  "contact": [
    {
      "name": "Pablo Pizzaro",
      "telecom": [
        {
          "system": "email",
          "value": "ppizarro.delgado@minsal.cl"
        }
      ]
    }
  ],
  "description": "Codigos definidos para identificar una provincia en Chile",
  "compose": {
    "include": [
      {
        "system": "https://apis.digital.gob.cl/dpa/provincias/"
      }
    ]
  }
}