{
  "resourceType": "ValueSet",
  "id": "CodReg",
  "text": {
    "status": "generated",
    "div": "<div xmlns=\"http://www.w3.org/1999/xhtml\"><ul><li>Include all codes defined in <code>https://apis.digital.gob.cl/dpa/regiones/</code></li></ul></div>"
  },
  "url": "http://minsal.cl/fhir/core//ValueSet/CodReg",
  "version": "0.8 (Ballot Pendiente)",
  "name": "CodRegion",
  "title": "Códigos de Regiones en ChileEstos aún deben ser llevados a un ValueSet",
  "status": "active",
  "date": "2021-09-13T12:43:20-03:00",
  "contact": [
    {
      "name": "Pablo Pizzaro",
      "telecom": [
        {
          "system": "email",
          "value": "ppizarro.delgado@minsal.cl"
        }
      ]
    }
  ],
  "description": "Codigos definidos para identificar una comuna en Chile",
  "compose": {
    "include": [
      {
        "system": "https://apis.digital.gob.cl/dpa/regiones/"
      }
    ]
  }
}