{"resourceType":"ImplementationGuide","id":"hl7.fhir.uv.CoreCH","text":{"status":"extensions","div":"<div xmlns=\"http://www.w3.org/1999/xhtml\"><h2>CoreCL</h2><p>The official URL for this implementation guide is: </p><pre>http://minsal.cl/fhir/core//ImplementationGuide/hl7.fhir.uv.CoreCH</pre><div><p>Guía de Implementación para los perfiles Core que se van a requerir a nivel de desarrollo Nacional</p>\n</div></div>"},"url":"http://minsal.cl/fhir/core//ImplementationGuide/hl7.fhir.uv.CoreCH","version":"0.8 (Ballot Pendiente)","name":"CoreCL","title":"Guía de Implementación Core-CL","status":"draft","date":"2021-08","contact":[{"name":"Pablo Pizzaro","telecom":[{"system":"email","value":"ppizarro.delgado@minsal.cl"}]}],"description":"Guía de Implementación para los perfiles Core que se van a requerir a nivel de desarrollo Nacional","packageId":"hl7.fhir.uv.CoreCH","license":"CC0-1.0","fhirVersion":["4.0.1"],"definition":{"extension":[{"extension":[{"url":"code","valueString":"copyrightyear"},{"url":"value","valueString":"2020+"}],"url":"http://hl7.org/fhir/tools/StructureDefinition/ig-parameter"},{"extension":[{"url":"code","valueString":"releaselabel"},{"url":"value","valueString":"ci-build"}],"url":"http://hl7.org/fhir/tools/StructureDefinition/ig-parameter"},{"extension":[{"url":"code","valueString":"apply-publisher"},{"url":"value","valueString":"true"}],"url":"http://hl7.org/fhir/tools/StructureDefinition/ig-parameter"},{"extension":[{"url":"code","valueString":"apply-contact"},{"url":"value","valueString":"true"}],"url":"http://hl7.org/fhir/tools/StructureDefinition/ig-parameter"},{"extension":[{"url":"code","valueString":"show-inherited-invariants"},{"url":"value","valueString":"false"}],"url":"http://hl7.org/fhir/tools/StructureDefinition/ig-parameter"},{"extension":[{"url":"code","valueString":"autoload-resources"},{"url":"value","valueString":"true"}],"url":"http://hl7.org/fhir/tools/StructureDefinition/ig-parameter"},{"extension":[{"url":"code","valueString":"path-liquid"},{"url":"value","valueString":"template/liquid"}],"url":"http://hl7.org/fhir/tools/StructureDefinition/ig-parameter"},{"extension":[{"url":"code","valueString":"path-liquid"},{"url":"value","valueString":"input/liquid"}],"url":"http://hl7.org/fhir/tools/StructureDefinition/ig-parameter"},{"extension":[{"url":"code","valueString":"path-qa"},{"url":"value","valueString":"temp/qa"}],"url":"http://hl7.org/fhir/tools/StructureDefinition/ig-parameter"},{"extension":[{"url":"code","valueString":"path-temp"},{"url":"value","valueString":"temp/pages"}],"url":"http://hl7.org/fhir/tools/StructureDefinition/ig-parameter"},{"extension":[{"url":"code","valueString":"path-output"},{"url":"value","valueString":"output"}],"url":"http://hl7.org/fhir/tools/StructureDefinition/ig-parameter"},{"extension":[{"url":"code","valueString":"path-suppressed-warnings"},{"url":"value","valueString":"input/ignoreWarnings.txt"}],"url":"http://hl7.org/fhir/tools/StructureDefinition/ig-parameter"},{"extension":[{"url":"code","valueString":"path-history"},{"url":"value","valueString":"http://minsal.cl/fhir/core//history.html"}],"url":"http://hl7.org/fhir/tools/StructureDefinition/ig-parameter"},{"extension":[{"url":"code","valueString":"template-html"},{"url":"value","valueString":"template-page.html"}],"url":"http://hl7.org/fhir/tools/StructureDefinition/ig-parameter"},{"extension":[{"url":"code","valueString":"template-md"},{"url":"value","valueString":"template-page-md.html"}],"url":"http://hl7.org/fhir/tools/StructureDefinition/ig-parameter"},{"extension":[{"url":"code","valueString":"apply-context"},{"url":"value","valueString":"true"}],"url":"http://hl7.org/fhir/tools/StructureDefinition/ig-parameter"},{"extension":[{"url":"code","valueString":"apply-copyright"},{"url":"value","valueString":"true"}],"url":"http://hl7.org/fhir/tools/StructureDefinition/ig-parameter"},{"extension":[{"url":"code","valueString":"apply-jurisdiction"},{"url":"value","valueString":"true"}],"url":"http://hl7.org/fhir/tools/StructureDefinition/ig-parameter"},{"extension":[{"url":"code","valueString":"apply-license"},{"url":"value","valueString":"true"}],"url":"http://hl7.org/fhir/tools/StructureDefinition/ig-parameter"},{"extension":[{"url":"code","valueString":"apply-version"},{"url":"value","valueString":"true"}],"url":"http://hl7.org/fhir/tools/StructureDefinition/ig-parameter"},{"extension":[{"url":"code","valueString":"active-tables"},{"url":"value","valueString":"true"}],"url":"http://hl7.org/fhir/tools/StructureDefinition/ig-parameter"}],"grouping":[{"id":"-dyn-operationdefinition","name":"Behavior: Operation Definitions","description":"These are custom operations that can be supported by and/or invoked by systems conforming to this implementation guide"},{"id":"-str-profile","name":"Structures: Resource Profiles","description":"These define constraints on FHIR resources for systems conforming to this implementation guide"},{"id":"-str-extension","name":"Structures: Extension Definitions","description":"These define constraints on FHIR data types for systems conforming to this implementation guide"},{"id":"-term-valueset","name":"Terminology: Value Sets","description":"These define sets of codes used by systems conforming to this implementation guide"},{"id":"-ex-example","name":"Example: Example Instances","description":"These are example instances that show what data produced and consumed by systems conforming with this implementation guide might look like"}],"resource":[{"extension":[{"url":"http://hl7.org/fhir/StructureDefinition/implementationguide-page","valueUri":"StructureDefinition-CoreEspecialidadCl.html"}],"reference":{"reference":"StructureDefinition/CoreEspecialidadCl"},"name":"Perfil Se destina para determinar la especialidad del Prescriptor para Receta Digital, extensible a Core Nacional","description":"Este Perfil ha sido desarrollado para cubrir las necesidades del Caso de Uso de Receta Electrónica. Sin embargo, se ha modelado con el fin de cubrir las necesidades nacionales de un Recurso de Especialidad Médica para la denominación de Prescriptor en Chile","exampleBoolean":false,"groupingId":"-str-profile"},{"extension":[{"url":"http://hl7.org/fhir/StructureDefinition/implementationguide-page","valueUri":"StructureDefinition-CoreLocalizacionCl.html"}],"reference":{"reference":"StructureDefinition/CoreLocalizacionCl"},"name":"Perfil de Localización de Objetos e Infraestructura","description":"Este perfil determina la ubicación especifica para un evento, objeto o Infraestructura específica. Este perfil permite vinlcular la localización especifica con una organización o espacio físico específico ","exampleBoolean":false,"groupingId":"-str-profile"},{"extension":[{"url":"http://hl7.org/fhir/StructureDefinition/implementationguide-page","valueUri":"StructureDefinition-CoreMedicamentoCl.html"}],"reference":{"reference":"StructureDefinition/CoreMedicamentoCl"},"name":"Perfil Se destina para generar el recuso de medicamento ha ser usado para el manejo de terminologpia de fármacos en farmacos registrados extensible a Core Nacional","description":"Este Perfil ha sido desarrollado para cubrir las necesidades del Caso de Uso de Receta Electrónica desde la visión del TFC que se usará para poder manejar farmacos ya registrados, y que deberán ser consultados por los prestadores a la hora de prescribir algno.","exampleBoolean":false,"groupingId":"-str-profile"},{"extension":[{"url":"http://hl7.org/fhir/StructureDefinition/implementationguide-page","valueUri":"StructureDefinition-CoreOrganizacionCl.html"}],"reference":{"reference":"StructureDefinition/CoreOrganizacionCl"},"name":"Perfil Se destina para determinar rganizaciones para Receta Digital, extensible a Core Nacional","description":"Este Perfil ha sido desarrollado para cubrir las necesidades del Caso de Uso de Receta Electrónica. Sin embargo, se ha modelado con el fin de cubrir las necesidades nacionales de un Recurso de Organzación para cubrir las necesidades de una Organización Prestadora de salud o Dispensadora","exampleBoolean":false,"groupingId":"-str-profile"},{"extension":[{"url":"http://hl7.org/fhir/StructureDefinition/implementationguide-page","valueUri":"StructureDefinition-CorePacienteCl.html"}],"reference":{"reference":"StructureDefinition/CorePacienteCl"},"name":"Perfil Paciente para Receta Digital, extensible a Core Nacional","description":"Este Perfil ha sido desarrollado para cubrir las necesidades del Caso de Uso de Receta Electrónica. Sin embargo, se ha modelado con el fin de cubrir las necesidades nacionales de un Recurso Paciente para un Historial Clínico Nacional","exampleBoolean":false,"groupingId":"-str-profile"},{"extension":[{"url":"http://hl7.org/fhir/StructureDefinition/implementationguide-page","valueUri":"StructureDefinition-CorePrestadorCl.html"}],"reference":{"reference":"StructureDefinition/CorePrestadorCl"},"name":"Prestador Core-CL","description":"Este PErfil fue creado para cubrir la descripción de un Prestador a nivel Nacional","exampleBoolean":false,"groupingId":"-str-profile"},{"extension":[{"url":"http://hl7.org/fhir/StructureDefinition/implementationguide-page","valueUri":"StructureDefinition-CodigoPaises.html"}],"reference":{"reference":"StructureDefinition/CodigoPaises"},"name":"Codigo de Identificación de países","description":"Esta extensión incluye códigos de paises de origen","exampleBoolean":false,"groupingId":"-str-extension"},{"extension":[{"url":"http://hl7.org/fhir/StructureDefinition/implementationguide-page","valueUri":"ValueSet-CodNacComunas.html"}],"reference":{"reference":"ValueSet/CodNacComunas"},"name":"Códigos de Comunas en Chile","description":"Codigos definidos para identificar una comuna en Chile","exampleBoolean":false,"groupingId":"-term-valueset"},{"extension":[{"url":"http://hl7.org/fhir/StructureDefinition/implementationguide-page","valueUri":"ValueSet-CodProv.html"}],"reference":{"reference":"ValueSet/CodProv"},"name":"Códigos de Provincias en Chile","description":"Codigos definidos para identificar una provincia en Chile","exampleBoolean":false,"groupingId":"-term-valueset"},{"extension":[{"url":"http://hl7.org/fhir/StructureDefinition/implementationguide-page","valueUri":"ValueSet-CodReg.html"}],"reference":{"reference":"ValueSet/CodReg"},"name":"Códigos de Regiones en Chile","description":"Codigos definidos para identificar una comuna en Chile","exampleBoolean":false,"groupingId":"-term-valueset"},{"extension":[{"url":"http://hl7.org/fhir/StructureDefinition/implementationguide-page","valueUri":"ValueSet-DOCType-V2-0203.html"}],"reference":{"reference":"ValueSet/DOCType-V2-0203"},"name":"Códigos de Países Segun Norma ISO-3166 N","description":"Codigos para especificar tipos de identificadores usando lo definido en Hl7 V2.x","exampleBoolean":false,"groupingId":"-term-valueset"},{"extension":[{"url":"http://hl7.org/fhir/StructureDefinition/implementationguide-page","valueUri":"ValueSet-Esp-Tabla-DEIS.html"}],"reference":{"reference":"ValueSet/Esp-Tabla-DEIS"},"name":"Códigos de especialidades según DEIS","description":"Códigos de especialidades médicas descritas segun DEIS","exampleBoolean":false,"groupingId":"-term-valueset"},{"extension":[{"url":"http://hl7.org/fhir/StructureDefinition/implementationguide-page","valueUri":"ValueSet-COD-ISO-3166-N.html"}],"reference":{"reference":"ValueSet/COD-ISO-3166-N"},"name":"Códigos de Tipos de Documentos","description":"Codigos de paises para denominación segun la ISO-3166","exampleBoolean":false,"groupingId":"-term-valueset"},{"extension":[{"url":"http://hl7.org/fhir/StructureDefinition/implementationguide-page","valueUri":"ValueSet-COD-Cert-RNPI.html"}],"reference":{"reference":"ValueSet/COD-Cert-RNPI"},"name":"Códigos de tipos de certificaciones segun la Super Intendecia de Salud","description":"tipos de certficados reconocibles por la Super Intendecia como válidos para ejercer en Chile","exampleBoolean":false,"groupingId":"-term-valueset"},{"extension":[{"url":"http://hl7.org/fhir/StructureDefinition/implementationguide-page","valueUri":"PractitionerRole-EspecialidadCL.html"}],"reference":{"reference":"PractitionerRole/EspecialidadCL"},"name":"Ejemplo de Recurso de especialidad","exampleCanonical":"http://minsal.cl/fhir/core//StructureDefinition/CoreEspecialidadCl","groupingId":"-ex-example"},{"extension":[{"url":"http://hl7.org/fhir/StructureDefinition/implementationguide-page","valueUri":"Location-LocalizacionEjemploCL.html"}],"reference":{"reference":"Location/LocalizacionEjemploCL"},"name":"Ejemplo Localización Farmacia","exampleCanonical":"http://minsal.cl/fhir/core//StructureDefinition/CoreLocalizacionCl","groupingId":"-ex-example"},{"extension":[{"url":"http://hl7.org/fhir/StructureDefinition/implementationguide-page","valueUri":"Medication-MedicamentoCl.html"}],"reference":{"reference":"Medication/MedicamentoCl"},"name":"Ejemplo de comprimido Tareg - D 160","exampleCanonical":"http://minsal.cl/fhir/core//StructureDefinition/CoreMedicamentoCl","groupingId":"-ex-example"},{"extension":[{"url":"http://hl7.org/fhir/StructureDefinition/implementationguide-page","valueUri":"OperationDefinition-Operation.html"}],"reference":{"reference":"OperationDefinition/Operation"},"name":"$everything","description":"Las principales diferencias entre esta operación y la simple búsqueda en el compartimento del paciente son\n\n•\tA menos que el cliente solicite lo contrario, el servidor devuelve todo el conjunto de resultados en un solo paquete (en lugar de utilizar la paginación)\n\n•\tAl servidor es responsable de determinar qué recursos debe devolver como recursos incluidos (en lugar de que el cliente especifique cuáles).\nEsto libera al cliente de la necesidad de determinar lo que podría o debería pedir, especialmente en lo que respecta a los recursos incluidos. Los servidores deben considerar la devolución de Provenance y AuditTrail apropiados en los recursos devueltos, aunque éstos no formen parte directamente del compartimento del paciente.\n\nSe supone que el servidor ha identificado y asegurado el contexto adecuadamente, y puede asociar el contexto de autorización con un único paciente, o determinar si el contexto tiene los derechos del paciente nominado, si lo hay, o puede determinar una lista apropiada de pacientes para los que proporcionar datos a partir del contexto de la solicitud. Si no hay un paciente nominado (GET /Patient/$everything) y el contexto no está asociado a un único registro de paciente, la lista real de pacientes es la de todos los pacientes a los que el usuario asociado a la solicitud tiene acceso. Puede tratarse de todos los pacientes de la familia a los que el paciente tiene acceso, o puede tratarse de todos los pacientes a los que un proveedor de atención tiene acceso, o de todos los pacientes del sistema de registros completo. En estos casos, el servidor puede optar por devolver un error en lugar de todos los registros. La especificación de la relación entre el contexto, un usuario y los registros de los pacientes está fuera del alcance de esta especificación (aunque véase la guía de implementación de Smart App Launch.\n\nCuando esta operación se utiliza para acceder a varios registros de pacientes a la vez, el paquete de retorno podría ser bastante grande; los servidores pueden optar por exigir que dichas solicitudes se realicen de forma asíncrona y se asocien a formatos de datos masivos. Por otra parte, los clientes pueden optar por hojear el conjunto de resultados (o los servidores pueden exigirlo). La paginación de los resultados se realiza de la misma manera que la búsqueda, utilizando el parámetro _count y los enlaces Bundle. Los implementadores deben tener en cuenta que la paginación será más lenta que la simple devolución de todos los resultados a la vez (más tráfico de red, múltiples retrasos de latencia), pero puede ser necesaria para no agotar la memoria disponible leyendo o escribiendo toda la respuesta en un solo paquete. A diferencia de la búsqueda, no hay un orden inherente al usuario para la operación $everything. Los servidores pueden considerar la posibilidad de ordenar los recursos devueltos en orden descendente de la última actualización del registro, pero no están obligados a hacerlo.\n\nEl parámetro *since se proporciona para soportar consultas periódicas para obtener información adicional que ha cambiado sobre el paciente desde la última consulta. Esto significa que el parámetro _since se basa en la hora del registro. El valor del parámetro *since debe ajustarse a la hora del servidor. Si se utiliza la respuesta directa, se trata de la marca de tiempo en la cabecera de la respuesta. Si se utiliza la interfaz asíncrona, se trata de la marca de tiempo de la transacción en la respuesta json. Los servidores deben asegurarse de que las marcas de tiempo se gestionen de forma que el cliente no pierda ningún cambio. Los clientes deben ser capaces de obtener la misma respuesta más de una vez en el caso de que la transacción caiga en un límite de tiempo. Los clientes deben asegurarse de que los demás parámetros de consulta sean constantes para garantizar un conjunto coherente de registros al realizar consultas periódicas.","exampleBoolean":false,"groupingId":"-dyn-operationdefinition"},{"extension":[{"url":"http://hl7.org/fhir/StructureDefinition/implementationguide-page","valueUri":"OperationDefinition-OperationDefinition.html"}],"reference":{"reference":"OperationDefinition/OperationDefinition"},"name":"$match","description":"Un índice maestro de pacientes (MPI ) es un servicio utilizado para gestionar la identificación de pacientes en un contexto en el que existen múltiples bases de datos de pacientes. \n\nLas aplicaciones sanitarias y el middleware utilizan el MPI para cotejar los pacientes entre las bases de datos y para almacenar los datos de los nuevos pacientes a medida que se encuentran. \n\nLos MPI son aplicaciones muy especializadas, que a menudo se adaptan ampliamente a la combinación particular de pacientes de la institución. Las IPM también pueden funcionar a nivel regional y nacional.Para pedir a un MPI que haga coincidir un paciente, los clientes utilizan la operación $match, que acepta un recurso de paciente que puede estar sólo parcialmente completo. \n\nLos datos proporcionados se interpretan como una entrada MPI y son procesados por un algoritmo de algún tipo que utiliza los datos para determinar las coincidencias más apropiadas en el conjunto de pacientes. Tenga en cuenta que los diferentes algoritmos de emparejamiento MPI tienen diferentes entradas requeridas. La operación genérica $match no especifica ningún algoritmo en particular, ni un conjunto mínimo de información que debe proporcionarse cuando se pide que se realice una operación de coincidencia MPI, pero muchas implementaciones tendrán un conjunto de información mínima, que puede declararse en su definición de la operación $match especificando un perfil en el parámetro del recurso, indicando qué propiedades se requieren en la búsqueda. El recurso del paciente enviado a la operación no tiene que estar completo, ni tiene que pasar la validación (es decir, los campos obligatorios no tienen que ser rellenados), pero sí tiene que ser una instancia válida, ya que se utiliza como los datos de referencia para comparar.","exampleBoolean":false,"groupingId":"-dyn-operationdefinition"},{"extension":[{"url":"http://hl7.org/fhir/StructureDefinition/implementationguide-page","valueUri":"Organization-OrganizacionCl.html"}],"reference":{"reference":"Organization/OrganizacionCl"},"name":"Ejemplo Organización Prestadora de Salud","exampleCanonical":"http://minsal.cl/fhir/core//StructureDefinition/CoreOrganizacionCl","groupingId":"-ex-example"},{"extension":[{"url":"http://hl7.org/fhir/StructureDefinition/implementationguide-page","valueUri":"Patient-PacienteCL.html"}],"reference":{"reference":"Patient/PacienteCL"},"name":"Ejemplo de Recurso Paciente para Historia Clínica","exampleCanonical":"http://minsal.cl/fhir/core//StructureDefinition/CorePacienteCl","groupingId":"-ex-example"},{"extension":[{"url":"http://hl7.org/fhir/StructureDefinition/implementationguide-page","valueUri":"Patient-PacienteCL2.html"}],"reference":{"reference":"Patient/PacienteCL2"},"name":"Ejemplo de Recurso Paciente Extranjero","exampleCanonical":"http://minsal.cl/fhir/core//StructureDefinition/CorePacienteCl","groupingId":"-ex-example"},{"extension":[{"url":"http://hl7.org/fhir/StructureDefinition/implementationguide-page","valueUri":"Practitioner-PrestadorCL.html"}],"reference":{"reference":"Practitioner/PrestadorCL"},"name":"Ejemplo de Recurso Prestador como base para un Core Nacional","exampleCanonical":"http://minsal.cl/fhir/core//StructureDefinition/CorePrestadorCl","groupingId":"-ex-example"}],"page":{"nameUrl":"toc.html","title":"Table of Contents","generation":"html","page":[{"nameUrl":"index.html","title":"Home","generation":"markdown"},{"nameUrl":"descargas.html","title":"Descargas","generation":"markdown"},{"nameUrl":"ejemplos.html","title":"Ejemplos","generation":"markdown"},{"nameUrl":"Extensiones.html","title":"Extensiones","generation":"markdown"},{"nameUrl":"generalidades.html","title":"Generalidades","generation":"markdown"},{"nameUrl":"objetivos.html","title":"Objetivos","generation":"markdown"},{"nameUrl":"operaciones.html","title":"Operaciones","generation":"markdown"},{"nameUrl":"Perfiles.html","title":"Perfiles","generation":"markdown"},{"nameUrl":"Valuesets.html","title":"Valuesets","generation":"markdown"},{"nameUrl":"artifacts.html","title":"Resumen de artefactos","generation":"html","page":[{"nameUrl":"OperationDefinition-Operation.html","title":"$everything","generation":"generated"},{"nameUrl":"OperationDefinition-OperationDefinition.html","title":"$match","generation":"generated"},{"nameUrl":"StructureDefinition-CoreEspecialidadCl.html","title":"Perfil Se destina para determinar la especialidad del Prescriptor para Receta Digital, extensible a Core Nacional","generation":"generated"},{"nameUrl":"StructureDefinition-CoreLocalizacionCl.html","title":"Perfil de Localización de Objetos e Infraestructura","generation":"generated"},{"nameUrl":"StructureDefinition-CoreMedicamentoCl.html","title":"Perfil Se destina para generar el recuso de medicamento ha ser usado para el manejo de terminologpia de fármacos en farmacos registrados extensible a Core Nacional","generation":"generated"},{"nameUrl":"StructureDefinition-CoreOrganizacionCl.html","title":"Perfil Se destina para determinar rganizaciones para Receta Digital, extensible a Core Nacional","generation":"generated"},{"nameUrl":"StructureDefinition-CorePacienteCl.html","title":"Perfil Paciente para Receta Digital, extensible a Core Nacional","generation":"generated"},{"nameUrl":"StructureDefinition-CorePrestadorCl.html","title":"Prestador Core-CL","generation":"generated"},{"nameUrl":"StructureDefinition-CodigoPaises.html","title":"Codigo de Identificación de países","generation":"generated"},{"nameUrl":"ValueSet-CodNacComunas.html","title":"Códigos de Comunas en Chile","generation":"generated"},{"nameUrl":"ValueSet-CodProv.html","title":"Códigos de Provincias en Chile","generation":"generated"},{"nameUrl":"ValueSet-CodReg.html","title":"Códigos de Regiones en Chile","generation":"generated"},{"nameUrl":"ValueSet-DOCType-V2-0203.html","title":"Códigos de Países Segun Norma ISO-3166 N","generation":"generated"},{"nameUrl":"ValueSet-Esp-Tabla-DEIS.html","title":"Códigos de especialidades según DEIS","generation":"generated"},{"nameUrl":"ValueSet-COD-ISO-3166-N.html","title":"Códigos de Tipos de Documentos","generation":"generated"},{"nameUrl":"ValueSet-COD-Cert-RNPI.html","title":"Códigos de tipos de certificaciones segun la Super Intendecia de Salud","generation":"generated"},{"nameUrl":"PractitionerRole-EspecialidadCL.html","title":"Ejemplo de Recurso de especialidad","generation":"generated"},{"nameUrl":"Location-LocalizacionEjemploCL.html","title":"Ejemplo Localización Farmacia","generation":"generated"},{"nameUrl":"Medication-MedicamentoCl.html","title":"Ejemplo de comprimido Tareg - D 160","generation":"generated"},{"nameUrl":"Organization-OrganizacionCl.html","title":"Ejemplo Organización Prestadora de Salud","generation":"generated"},{"nameUrl":"Patient-PacienteCL.html","title":"Ejemplo de Recurso Paciente para Historia Clínica","generation":"generated"},{"nameUrl":"Patient-PacienteCL2.html","title":"Ejemplo de Recurso Paciente Extranjero","generation":"generated"},{"nameUrl":"Practitioner-PrestadorCL.html","title":"Ejemplo de Recurso Prestador como base para un Core Nacional","generation":"generated"}]}]},"parameter":[{"code":"path-resource","value":"input/capabilities"},{"code":"path-resource","value":"input/examples"},{"code":"path-resource","value":"input/extensions"},{"code":"path-resource","value":"input/models"},{"code":"path-resource","value":"input/operations"},{"code":"path-resource","value":"input/profiles"},{"code":"path-resource","value":"input/resources"},{"code":"path-resource","value":"input/vocabulary"},{"code":"path-resource","value":"input/maps"},{"code":"path-resource","value":"input/testing"},{"code":"path-resource","value":"input/history"},{"code":"path-resource","value":"fsh-generated/resources"},{"code":"path-pages","value":"template/config"},{"code":"path-pages","value":"input/images"},{"code":"path-tx-cache","value":"input-cache/txcache"}]}}