{"resourceType":"ValueSet","id":"CodNacComunas","text":{"status":"generated","div":"<div xmlns=\"http://www.w3.org/1999/xhtml\"><ul><li>Include all codes defined in <code>https://apis.digital.gob.cl/dpa/comunas/</code></li></ul></div>"},"url":"http://minsal.cl/fhir/core//ValueSet/CodNacComunas","version":"0.8 (Ballot Pendiente)","name":"CodComunas","title":"Códigos de Comunas en Chile","status":"active","date":"2021-08-26T16:20:25-04:00","contact":[{"name":"Pablo Pizzaro","telecom":[{"system":"email","value":"ppizarro.delgado@minsal.cl"}]}],"description":"Codigos definidos para identificar una comuna en Chile","compose":{"include":[{"system":"https://apis.digital.gob.cl/dpa/comunas/"}]}}