{"resourceType":"ValueSet","id":"Esp-Tabla-DEIS","text":{"status":"generated","div":"<div xmlns=\"http://www.w3.org/1999/xhtml\"><ul><li>Include all codes defined in <code>http://deis.cl/especialidades</code></li></ul></div>"},"url":"http://minsal.cl/fhir/core//ValueSet/Esp-Tabla-DEIS","version":"0.22","name":"TablaEspecialidades","title":"Códigos de especialidades según DEIS","status":"active","date":"2021-08-26T15:10:39-04:00","contact":[{"name":"Pablo Pizzaro","telecom":[{"system":"email","value":"ppizarro.delgado@minsal.cl"}]}],"description":"Códigos de especialidades médicas descritas segun DEIS","compose":{"include":[{"system":"http://deis.cl/especialidades"}]}}