{
  "resourceType": "OperationDefinition",
  "id": "OperationDefinition",
  "text": {
    "status": "extensions",
    "div": "<div xmlns=\"http://www.w3.org/1999/xhtml\"><h2>$match</h2><p>OPERATION: $match</p><p>The official URL for this operation definition is: </p><pre>http://hl7.org/fhir/OperationDefinition/Patient-match</pre><div><p>Un índice maestro de pacientes (MPI ) es un servicio utilizado para gestionar la identificación de pacientes en un contexto en el que existen múltiples bases de datos de pacientes.</p>\n<p>Las aplicaciones sanitarias y el middleware utilizan el MPI para cotejar los pacientes entre las bases de datos y para almacenar los datos de los nuevos pacientes a medida que se encuentran.</p>\n<p>Los MPI son aplicaciones muy especializadas, que a menudo se adaptan ampliamente a la combinación particular de pacientes de la institución. Las IPM también pueden funcionar a nivel regional y nacional.Para pedir a un MPI que haga coincidir un paciente, los clientes utilizan la operación $match, que acepta un recurso de paciente que puede estar sólo parcialmente completo.</p>\n<p>Los datos proporcionados se interpretan como una entrada MPI y son procesados por un algoritmo de algún tipo que utiliza los datos para determinar las coincidencias más apropiadas en el conjunto de pacientes. Tenga en cuenta que los diferentes algoritmos de emparejamiento MPI tienen diferentes entradas requeridas. La operación genérica $match no especifica ningún algoritmo en particular, ni un conjunto mínimo de información que debe proporcionarse cuando se pide que se realice una operación de coincidencia MPI, pero muchas implementaciones tendrán un conjunto de información mínima, que puede declararse en su definición de la operación $match especificando un perfil en el parámetro del recurso, indicando qué propiedades se requieren en la búsqueda. El recurso del paciente enviado a la operación no tiene que estar completo, ni tiene que pasar la validación (es decir, los campos obligatorios no tienen que ser rellenados), pero sí tiene que ser una instancia válida, ya que se utiliza como los datos de referencia para comparar.</p>\n</div><p>URL: [base]/Patient/$match</p><p>Parameters</p><table class=\"grid\"><tr><td><b>Use</b></td><td><b>Name</b></td><td><b>Cardinality</b></td><td><b>Type</b></td><td><b>Binding</b></td><td><b>Documentation</b></td></tr><tr><td>IN</td><td>resource</td><td>1..1</td><td><a href=\"http://hl7.org/fhir/R4/resource.html\">Resource</a></td><td/><td><div><p>Utilícelo para proporcionar un conjunto completo de datos de pacientes para que el IPM los compare (por ejemplo, envíe un registro de pacientes a Patient/$match).</p>\n</div></td></tr><tr><td>IN</td><td>onlyCertainMatches</td><td>0..1</td><td><a href=\"http://hl7.org/fhir/R4/datatypes.html#boolean\">boolean</a></td><td/><td><div><p>Si hay múltiples coincidencias potenciales, entonces la coincidencia no debería devolver los resultados con esta bandera establecida en true.  Cuando es falso, el servidor puede devolver múltiples resultados con cada resultado calificado en consecuencia.</p>\n</div></td></tr><tr><td>IN</td><td>count</td><td>0..1</td><td><a href=\"http://hl7.org/fhir/R4/datatypes.html#integer\">integer</a></td><td/><td><div><p>El número máximo de registros a devolver. Si no se proporciona ningún valor, el servidor decide cuántas coincidencias devolver. Tenga en cuenta que los clientes deben tener cuidado al usar esto, ya que puede impedir que se devuelvan coincidencias probables -y válidas-.</p>\n</div></td></tr><tr><td>OUT</td><td>return</td><td>1..1</td><td><a href=\"http://hl7.org/fhir/R4/bundle.html\">Bundle</a></td><td/><td><div><p>Un paquete contiene un conjunto de registros de pacientes que representan posibles coincidencias,\nopcionalmente puede contener también un OperationOutcome con más información sobre los resultados de la búsqueda\n(como advertencias o mensajes informativos, por ejemplo, un recuento de los registros que estaban cerca pero fueron eliminados)\nSi la operación no tiene éxito, se puede devolver un OperationOutcome junto con un código de estado BadRequest\n(por ejemplo, un problema de seguridad, o propiedades insuficientes en el fragmento del paciente - comprobar con el perfil)</p>\n</div></td></tr></table><div><p>La respuesta de una consulta ¨mpi¨ es un conjunto que contiene registros de pacientes, ordenados de más a menos probable. Si no hay coincidencias de pacientes, el MPI DEBERÁ devolver un conjunto de búsqueda vacío sin error, pero puede incluir un resultado de la operación con más consejos sobre la selección de pacientes. Todos los registros de pacientes TIENEN una puntuación de búsqueda de 0 a 1, donde 1 es la coincidencia más segura, junto con una extensión ¨match-grade¨ que indica la posición del MPI en la calidad de la coincidencia.</p>\n</div></div>"
  },
  "url": "http://hl7.org/fhir/OperationDefinition/Patient-match",
  "version": "0.8 (Ballot Pendiente)",
  "name": "$match",
  "title": "Operacion $match para encuentro del paciente en MPI",
  "status": "active",
  "kind": "operation",
  "date": "2021-08-30T14:48:34-04:00",
  "contact": [
    {
      "name": "Pablo Pizzaro",
      "telecom": [
        {
          "system": "email",
          "value": "ppizarro.delgado@minsal.cl"
        }
      ]
    }
  ],
  "description": "Un índice maestro de pacientes (MPI ) es un servicio utilizado para gestionar la identificación de pacientes en un contexto en el que existen múltiples bases de datos de pacientes. \n\nLas aplicaciones sanitarias y el middleware utilizan el MPI para cotejar los pacientes entre las bases de datos y para almacenar los datos de los nuevos pacientes a medida que se encuentran. \n\nLos MPI son aplicaciones muy especializadas, que a menudo se adaptan ampliamente a la combinación particular de pacientes de la institución. Las IPM también pueden funcionar a nivel regional y nacional.Para pedir a un MPI que haga coincidir un paciente, los clientes utilizan la operación $match, que acepta un recurso de paciente que puede estar sólo parcialmente completo. \n\nLos datos proporcionados se interpretan como una entrada MPI y son procesados por un algoritmo de algún tipo que utiliza los datos para determinar las coincidencias más apropiadas en el conjunto de pacientes. Tenga en cuenta que los diferentes algoritmos de emparejamiento MPI tienen diferentes entradas requeridas. La operación genérica $match no especifica ningún algoritmo en particular, ni un conjunto mínimo de información que debe proporcionarse cuando se pide que se realice una operación de coincidencia MPI, pero muchas implementaciones tendrán un conjunto de información mínima, que puede declararse en su definición de la operación $match especificando un perfil en el parámetro del recurso, indicando qué propiedades se requieren en la búsqueda. El recurso del paciente enviado a la operación no tiene que estar completo, ni tiene que pasar la validación (es decir, los campos obligatorios no tienen que ser rellenados), pero sí tiene que ser una instancia válida, ya que se utiliza como los datos de referencia para comparar.",
  "code": "match",
  "comment": "La respuesta de una consulta ¨mpi¨ es un conjunto que contiene registros de pacientes, ordenados de más a menos probable. Si no hay coincidencias de pacientes, el MPI DEBERÁ devolver un conjunto de búsqueda vacío sin error, pero puede incluir un resultado de la operación con más consejos sobre la selección de pacientes. Todos los registros de pacientes TIENEN una puntuación de búsqueda de 0 a 1, donde 1 es la coincidencia más segura, junto con una extensión ¨match-grade¨ que indica la posición del MPI en la calidad de la coincidencia.",
  "resource": [
    "Patient"
  ],
  "system": false,
  "type": true,
  "instance": false,
  "parameter": [
    {
      "name": "resource",
      "use": "in",
      "min": 1,
      "max": "1",
      "documentation": "Utilícelo para proporcionar un conjunto completo de datos de pacientes para que el IPM los compare (por ejemplo, envíe un registro de pacientes a Patient/$match).",
      "type": "Resource"
    },
    {
      "name": "onlyCertainMatches",
      "use": "in",
      "min": 0,
      "max": "1",
      "documentation": "Si hay múltiples coincidencias potenciales, entonces la coincidencia no debería devolver los resultados con esta bandera establecida en true.  Cuando es falso, el servidor puede devolver múltiples resultados con cada resultado calificado en consecuencia.",
      "type": "boolean"
    },
    {
      "name": "count",
      "use": "in",
      "min": 0,
      "max": "1",
      "documentation": "El número máximo de registros a devolver. Si no se proporciona ningún valor, el servidor decide cuántas coincidencias devolver. Tenga en cuenta que los clientes deben tener cuidado al usar esto, ya que puede impedir que se devuelvan coincidencias probables -y válidas-.",
      "type": "integer"
    },
    {
      "name": "return",
      "use": "out",
      "min": 1,
      "max": "1",
      "documentation": "Un paquete contiene un conjunto de registros de pacientes que representan posibles coincidencias, \n    opcionalmente puede contener también un OperationOutcome con más información sobre los resultados de la búsqueda \n\t(como advertencias o mensajes informativos, por ejemplo, un recuento de los registros que estaban cerca pero fueron eliminados) \n\tSi la operación no tiene éxito, se puede devolver un OperationOutcome junto con un código de estado BadRequest \n\t(por ejemplo, un problema de seguridad, o propiedades insuficientes en el fragmento del paciente - comprobar con el perfil)",
      "type": "Bundle"
    }
  ]
}