{
  "resourceType": "Organization",
  "id": "OrganizacionCl",
  "meta": {
    "profile": [
      "http://minsal.cl/fhir/core//StructureDefinition/CoreOrganizacionCl"
    ]
  },
  "text": {
    "status": "additional",
    "div": "<div xmlns=\"http://www.w3.org/1999/xhtml\">Organización: Centro de Salud Familiar Rio Bueno, identificado con código DEIS 1233, de la comuna de Linares dirección Calle Central 33, fono:45325775.</div>"
  },
  "identifier": [
    {
      "system": "http://minsal.cl/deis/codigodeis",
      "value": "1233"
    }
  ],
  "active": true,
  "name": "Centro de Salud Familiar Rio Bueno de Linares",
  "alias": [
    "Rio Bueno CESFAM"
  ],
  "telecom": [
    {
      "system": "phone",
      "value": "45325775",
      "use": "work"
    }
  ],
  "address": [
    {
      "line": [
        "Calle Central 33"
      ],
      "city": "07401",
      "district": "074",
      "state": "07",
      "country": "152"
    }
  ]
}