{
  "resourceType": "PractitionerRole",
  "id": "EspecialidadCL",
  "meta": {
    "profile": [
      "http://minsal.cl/fhir/core//StructureDefinition/CoreEspecialidadCl"
    ]
  },
  "text": {
    "status": "additional",
    "div": "<div xmlns=\"http://www.w3.org/1999/xhtml\">Especialidad: Dra. Johanna Rojas declara dos especialidades: Médico Cirujano y Médico Cardiólogo</div>"
  },
  "practitioner": {
    "reference": "http://minsal/RNPI/Practitioner/3420",
    "display": "Johanna Rosa"
  },
  "specialty": [
    {
      "coding": [
        {
          "code": "110"
        }
      ],
      "text": "Médico Cirujano"
    },
    {
      "coding": [
        {
          "code": "25"
        }
      ],
      "text": "Médico Cardiólogo"
    }
  ]
}