{
  "resourceType": "ValueSet",
  "id": "COD-Cert-RNPI",
  "text": {
    "status": "generated",
    "div": "<div xmlns=\"http://www.w3.org/1999/xhtml\"><ul><li>Include all codes defined in <code>https://rnpi.superdesalud.gob.cl/</code></li></ul></div>"
  },
  "url": "http://minsal.cl/fhir/core//ValueSet/COD-Cert-RNPI",
  "version": "0.8 (Ballot Pendiente)",
  "name": "TituloID",
  "title": "Códigos de tipos de certificaciones segun la Super Intendecia de Salud",
  "status": "active",
  "date": "2021-08-30T14:48:34-04:00",
  "contact": [
    {
      "name": "Pablo Pizzaro",
      "telecom": [
        {
          "system": "email",
          "value": "ppizarro.delgado@minsal.cl"
        }
      ]
    }
  ],
  "description": "tipos de certficados reconocibles por la Super Intendecia como válidos para ejercer en Chile",
  "compose": {
    "include": [
      {
        "system": "https://rnpi.superdesalud.gob.cl/"
      }
    ]
  }
}